0,0.0008113189,-0.0003162329,0.5173478,-0.1459262,1.8245,2.829553,0.4028911,-0.3211951,-1.223387,2.509861,50.69337,74.42087,0.04,-0.12,-0.73,0.31,0.08836155,-0.09875275,0,3,-2,0,20,15,1,1
0.02,0.0008113189,-0.0003162329,0.5173478,-0.1459262,1.8245,2.829553,0.3739144,-0.2525908,-1.448834,3.430216,-11.27235,46.01777,0.06,-0.07,-0.18,-0.31,0.05710803,-0.09554984,0,-1,1,1,3,7,4,1
0.04,0.2552195,0.4776777,0.03649001,0.05659106,-3.089185,-4.572915,0.317867,-0.2018797,-2.802369,2.535557,-67.67676,-44.73295,0.16,-0.47,-2.2,1.04,0.1905255,-0.4363138,3,1,2,1,7,7,-6,2
0.06,0.2555777,0.4784031,-0.0252937,-0.03486724,-6.67317,-8.091711,0.2652695,-0.2044599,-2.629879,-0.1290113,8.624495,-133.2284,0.31,-0.44,-1.95,1.59,0.2906733,-0.4359058,0,1,2,1,8,-2,1,1
0.08,0.2550908,0.4773231,-0.1587571,-0.1967015,1.703675,0.9600616,0.2423697,-0.2483224,-1.14499,-2.193126,74.24445,-103.2057,0.38,-0.46,-0.67,1.59,0.3535506,-0.4330153,-1,-4,-2,0,-8,-5,-1,-2
0.09999999,0.2522361,0.4732218,-0.1246836,-0.1775002,1.167338,1.24013,0.26329,-0.2977565,1.046015,-2.471703,109.5503,-13.92882,0.71,-0.29,-0.73,1.59,0.6693295,-0.2953169,1,-2,-2,-4,-11,-8,-8,-2
0.12,0.2501034,0.4698229,-0.1013368,-0.1526976,0.5626954,0.9842715,0.3364016,-0.3324463,3.655581,-1.734494,130.4783,36.86044,0.73,-0.42,-2.2,2.14,0.7227606,-0.3923326,1,-2,-2,-4,-11,-8,-8,-2
0.14,0.2483301,0.4672991,-0.09008294,-0.1330122,0.1383245,0.09009942,0.4201759,-0.3509252,4.188716,-0.923942,26.65676,40.52759,0.25,-0.25,-2.81,2.99,0.2672891,-0.2805403,1,-2,-2,-4,-11,-8,-8,-2
0.16,0.2466636,0.4652468,-0.08731645,-0.1312102,-0.08748481,-0.9344881,0.443395,-0.3413875,1.160952,0.4768848,-151.3882,70.04134,0.04,0,-2.38,2.5,0.03356494,-0.04653582,-1,2,-3,1,15,-3,5,0
0.18,0.2448475,0.4627916,-0.08906614,-0.1499,0.02896538,-1.218467,0.3748655,-0.280971,-3.426473,3.020823,-229.3713,127.1969,-0.32,0.21,-1.34,1.16,-0.2938915,0.2160287,-1,2,-3,1,15,-3,5,0
0.2,0.242623,0.4592969,-0.08848684,-0.1742693,0.7679757,-0.3803256,0.2338998,-0.1796852,-7.048285,5.064293,-181.0906,102.1735,-0.29,0.03,0.37,-0.85,-0.2714416,0.04206823,-1,0,2,-1,-1,-12,-2,-1
0.22,0.2401113,0.4547871,-0.07312732,-0.1818758,2.00674,1.343718,0.06607778,-0.08696012,-8.391102,4.636252,-67.14085,-21.40205,-0.37,-0.11,-0.12,-0.31,-0.3626685,-0.08871454,-3,-4,-1,3,-2,-15,4,-3
0.24,0.2379715,0.4499281,-0.03299252,-0.1550015,3.140614,3.396187,-0.05075503,-0.05140628,-5.84164,1.777692,127.4731,-142.928,0.59,-0.46,-1.77,1.95,0.5176573,-0.4303223,-1,-2,-3,-5,-4,-3,-1,1
0.26,0.2370526,0.4459778,0.02981976,-0.08707773,3.575798,4.824983,-0.009254244,-0.09704502,2.075039,-2.281937,395.834,-202.9814,1.31,-0.65,-1.59,2.14,1.269504,-0.6246181,-1,-2,-3,-5,-4,-3,-1,1
0.28,0.2379805,0.4445378,0.1013357,0.009421921,-5.391161,4.317398,0.2016032,-0.20748,10.54287,-5.521748,423.3916,-161.9905,0.98,-0.62,-1.22,0.31,1.034637,-0.6159665,0,1,0,2,-9,7,10,-1
0.3,0.2408094,0.4462544,-0.006487505,0.09576988,-6.741842,-6.66986,0.4298292,-0.3241317,11.4113,-5.832587,43.42136,-15.54196,0.1,-0.3,0.55,-0.31,0.1669364,-0.3246813,-1,0,0,-2,16,-5,-16,-4
0.32,0.2415303,0.4498216,-0.1413243,-0.03762732,0.2402186,-9.460937,0.5288571,-0.381228,4.951395,-2.854815,-322.9952,148.8886,0.09,0.01,-1.89,2.32,0.06431466,-0.02524867,-2,-3,-5,-3,0,-19,-1,-1
0.34,0.2391221,0.449786,-0.13652,-0.2268461,-0.4581119,-2.263709,0.5021662,-0.3660251,-1.334542,0.760144,-314.2969,180.748,0.2,-0.23,-3.3,3.54,0.185547,-0.2114759,-2,-3,-5,-3,0,-19,-1,-1
0.36,0.2362801,0.4450556,-0.1456822,-0.2721202,-0.2722384,-1.937265,0.4332533,-0.3133426,-3.445646,2.634126,-105.5552,93.6991,0.38,-0.04,-1.1,1.16,0.3639819,-0.03597885,-2,-3,-5,-3,0,-19,-1,-1
0.38,0.2329799,0.4391135,-0.151127,-0.3108656,0.3719715,-1.09443,0.3794963,-0.2437948,-2.687849,3.47739,37.88985,42.16322,0.36,-0.02,0.12,-0.73,0.3888941,-0.02399785,-3,-4,-7,-9,-8,-12,5,-1
0.4,0.2294476,0.4325071,-0.1436875,-0.3327541,1.222576,-0.436962,0.3267855,-0.1801249,-2.635542,3.183494,2.61538,-14.69482,-0.22,-0.28,0.18,-0.55,-0.1932936,-0.2524825,-1,4,5,3,6,10,-2,-1
0.42,0.2261076,0.4254701,-0.119236,-0.3414934,2.001515,0.2077073,0.2421678,-0.1591536,-4.230882,1.048566,-79.76703,-106.7464,0.02,-0.42,-1.16,1.53,0.03252852,-0.4157276,0,-2,-3,-3,23,-2,2,-4
0.44,0.2235695,0.4180251,-0.0792057,-0.3373392,2.257925,1.242598,0.1737729,-0.1900362,-3.419747,-1.544128,40.55678,-129.6347,0.55,-0.47,-2.81,3.78,0.5164208,-0.4456947,0,-2,-3,-3,23,-2,2,-4
0.46,0.2222108,0.4107804,-0.0340472,-0.3124872,1.880214,2.079076,0.2033242,-0.240511,1.477565,-2.523743,244.8656,-48.98071,1.02,-0.21,-1.83,1.95,0.9994656,-0.2179324,0,-2,-3,-3,23,-2,2,-4
0.48,0.2218978,0.4047447,0.003557085,-0.2709057,1.262886,1.717661,0.3212532,-0.2717308,5.896448,-1.560986,220.9441,48.13783,0.49,-0.22,0.06,-0.43,0.539246,-0.2191218,2,2,-1,0,-7,5,-14,0
0.5,0.2221967,0.4001823,0.0288148,-0.2365525,-7.527461,0.2753686,0.4136011,-0.2700598,4.617396,0.08354634,-63.95259,82.22662,-0.07,-0.05,-0.49,-0.18,-0.04836026,-0.06169267,2,2,-1,0,-7,5,-14,0
0.52,0.2227607,0.3961221,-0.1217344,-0.2310451,-7.506934,-0.8540752,0.395136,-0.2392218,-0.9232521,1.541901,-277.0324,72.91776,-0.15,-0.07,-0.85,0.98,-0.1729108,-0.08706988,1,2,2,2,2,-6,-6,-2
0.54,0.2201004,0.3913678,-0.2718731,-0.2481266,1.278562,-0.6282418,0.3003729,-0.1976011,-4.738158,2.081037,-190.7453,26.95679,0.17,-0.15,-2.14,2.75,0.1173999,-0.1476063,0,-1,-2,4,32,11,-10,2
0.56,0.2143583,0.3857166,-0.2463019,-0.2606915,1.787652,0.5307388,0.231776,-0.1658841,-3.429846,1.585847,65.41562,-24.75951,0.72,-0.17,-2.26,2.44,0.6628986,-0.164313,3,4,5,1,7,9,3,2
0.58,0.2092007,0.3800044,-0.2105488,-0.2500767,2.175441,1.369692,0.2435016,-0.1456733,0.586284,1.010542,200.8065,-28.76524,0.47,-0.1,-0.43,0,0.4693981,-0.0873286,3,4,5,1,7,9,3,2
0.6,0.204842,0.3750884,-0.16704,-0.2226828,2.422894,1.226286,0.297865,-0.1364191,2.718168,0.4627079,106.5942,-27.39173,0.42,-0.27,0,-0.98,0.4257401,-0.258589,3,4,5,1,7,9,3,2
0.62,0.2014338,0.3710299,-0.1185821,-0.1981571,2.535982,0.5614111,0.3373718,-0.1536405,1.975341,-0.8610718,-37.14137,-66.18899,0.14,-0.42,-0.85,0.18,0.1474029,-0.4131382,-1,0,0,-3,4,-31,-6,-1
0.64,0.1991878,0.3673535,-0.0678625,-0.1869289,2.32548,0.07823231,0.3425905,-0.202101,0.2609313,-2.423025,-85.7205,-78.09766,0.31,-0.42,-1.89,1.59,0.3208827,-0.3965781,-1,0,0,-3,4,-31,-6,-1
0.66,0.1981846,0.3636518,-0.0213529,-0.1853642,1.732787,0.01440763,0.3374406,-0.2567137,-0.257495,-2.730633,-25.92132,-15.38038,0.43,-0.27,-2.08,2.08,0.4139234,-0.2693107,-1,4,3,-5,-9,8,-2,-1
0.68,0.1981566,0.359906,0.01330285,-0.1850761,1.064698,0.07739177,0.3453205,-0.297674,0.3939956,-2.048016,32.57454,34.13085,0.42,-0.41,-0.98,1.04,0.4267491,-0.3973264,1,1,3,4,17,6,-7,0
0.7,0.1987219,0.3562609,0.03459681,-0.1835283,-7.844693,-0.01898071,0.3547738,-0.3263102,0.4726678,-1.431811,3.933609,30.81024,0.2,-0.32,-0.85,0.55,0.2347734,-0.3108019,-2,0,4,2,4,5,3,0
0.72,0.1996232,0.3526585,-0.122297,-0.1839079,-8.19514,-0.1345988,0.3458006,-0.3410424,-0.4486606,-0.7366076,-46.06642,34.76016,0.22,-0.29,-2.08,1.46,0.2275049,-0.3003686,-2,0,4,2,4,5,3,0
0.74,0.1972847,0.3489147,-0.2861998,-0.1865998,0.03344445,-0.0248534,0.3166444,-0.3431831,-1.45781,-0.1070365,-50.45749,31.47855,0.15,-0.36,-2.2,1.59,0.1570635,-0.3419757,-1,-1,0,5,5,-4,1,-2
0.76,0.1915763,0.3449707,-0.285531,-0.1870969,0.007317851,0.3317351,0.2836263,-0.3324843,-1.650906,0.5349413,-9.65476,32.09889,0.33,-0.12,-0.79,1.28,0.3200468,-0.1336718,-1,-1,0,5,5,-4,1,-2
0.78,0.1857877,0.3409888,-0.2853846,-0.1804622,0.1379512,0.7355542,0.2635747,-0.3080372,-1.00258,1.222354,32.41629,34.37065,0.26,-0.35,-0.18,0.61,0.2546968,-0.3047384,-1,-1,0,5,5,-4,1,-2
0.8,0.1799016,0.3372341,-0.2826256,-0.1657511,0.4369147,0.980789,0.2596986,-0.2938534,-0.1938045,0.709188,40.43877,-25.65831,0.33,-0.45,-1.95,1.46,0.354607,-0.4421696,-1,-1,0,5,5,-4,1,-2
0.82,0.1741455,0.3338911,-0.2738873,-0.1461353,0.6104698,1.028194,0.2739756,-0.3155478,0.7138476,-1.084717,45.38261,-89.69524,0.42,-0.64,-2.5,1.77,0.425689,-0.6078185,1,2,1,2,1,7,0,1
0.84,0.1688261,0.3310719,-0.2616779,-0.1255715,0.3450983,0.8535846,0.3170956,-0.3625008,2.156001,-2.347654,72.10769,-63.14687,0.67,-0.4,-1.28,1.46,0.6724243,-0.3909042,0,-3,-2,-4,-12,-1,-6,-3
0.86,0.1639349,0.328873,-0.2547759,-0.1084998,-0.2289427,0.3262164,0.3924044,-0.3966663,3.765442,-1.708274,80.47202,31.96902,0.67,-0.3,-1.22,1.65,0.6706128,-0.3004145,-1,-5,-8,-11,-8,-39,-4,-2
0.88,0.1590889,0.3272495,-0.2593548,-0.1019754,-0.6469716,-0.5948323,0.4617394,-0.3919216,3.466749,0.2372339,-14.93462,97.27538,0.22,-0.13,-2.26,2.08,0.2560747,-0.1278434,-1,-5,-8,-11,-8,-39,-4,-2
0.9,0.1538671,0.3257138,-0.2722942,-0.1138721,-0.5887458,-1.442827,0.4589009,-0.3483402,-0.1419246,2.17907,-180.4337,97.0918,-0.13,-0.12,-1.28,1.22,-0.1365157,-0.1174539,0,-3,-2,-1,5,17,1,2
0.92,0.1481024,0.3234167,-0.2840692,-0.1427286,-0.05575961,-1.408111,0.3601398,-0.2862704,-4.938056,3.10349,-239.8065,46.22103,-0.26,-0.14,-0.43,1.16,-0.2580245,-0.149744,0,-3,-2,-1,5,17,1,2
0.94,0.1419671,0.3198447,-0.2851844,-0.1708909,0.7030325,-0.2002257,0.2256335,-0.2337739,-6.725314,2.624825,-89.36291,-23.93328,0.23,-0.25,-0.67,1.1,0.2303237,-0.2519003,-1,-1,-4,0,0,13,9,1
0.96,0.1358797,0.3154488,-0.2711237,-0.1748954,1.345371,1.444815,0.1487975,-0.2090746,-3.8418,1.234969,144.1757,-69.49277,0.46,-0.29,-1.04,0.73,0.4683102,-0.3058086,-1,0,-1,6,8,16,8,-1
0.98,0.1302772,0.3113922,-0.2442163,-0.1459991,1.647317,2.384526,0.1511453,-0.2170543,0.1173906,-0.3989853,197.9595,-81.69774,0.27,-0.46,-1.16,0.49,0.2982902,-0.409078,-1,0,-1,6,8,16,8,-1
1,0.1254509,0.3084893,-0.21127,-0.09830854,1.549903,2.355812,0.1820659,-0.2474349,1.546028,-1.519034,71.43188,-56.00245,0.18,-0.34,-1.34,0.98,0.1849266,-0.3177437,-1,0,-1,6,8,16,8,-1
1.02,0.1214469,0.3067476,-0.1802719,-0.0511923,1.178162,1.977652,0.2003719,-0.2773456,0.9153023,-1.495534,-31.5363,1.174998,0.15,-0.27,-1.4,1.04,0.1272959,-0.2696602,-1,0,-1,6,8,16,8,-1
1.04,0.1180594,0.3058566,-0.1567087,-0.01163926,0.8123906,1.753767,0.2383741,-0.3024486,1.900108,-1.255149,49.24026,12.01928,1.02,-0.5,-0.73,1.1,0.9905816,-0.4775977,-3,-2,-4,-2,11,-20,0,1
1.06,0.1151082,0.3058997,-0.1404609,0.02343608,0.5052168,1.288996,0.3372787,-0.3365552,4.945232,-1.705331,152.2562,-22.5091,0.56,-0.46,-1.16,1.46,0.5838538,-0.4566452,2,1,0,2,-4,6,0,0
1.08,0.1125475,0.3070866,-0.1303565,0.04921601,0.08831032,-8.329105,0.4386643,-0.3687465,5.06928,-1.609567,6.202388,4.78819,0.35,-0.26,-1.1,1.59,0.3341391,-0.2895343,2,1,0,2,-4,6,0,0
1.1,0.1101754,0.3088069,-0.1285903,-0.1173661,-0.3054568,-9.568984,0.4763317,-0.3837287,1.883371,-0.7491067,-159.2954,43.02301,0.23,-0.42,-1.22,1.59,0.2381692,-0.420848,-2,-1,2,-7,-6,6,6,-2
1.12,0.1077132,0.3067331,-0.1346994,-0.3087458,-0.4887176,-1.621297,0.4549491,-0.3855495,-1.069131,-0.09104013,-147.6251,32.90333,0.23,-0.28,-3.3,2.99,0.2297651,-0.2834294,-4,-1,-5,-2,10,23,7,-1
1.14,0.1050326,0.3004027,-0.1444738,-0.3411717,-0.511112,-1.359779,0.4007176,-0.3705474,-2.711576,0.7501051,-82.12224,42.05726,0.17,-0.2,-3.48,3.17,0.1744806,-0.2098791,-4,-1,-5,-2,10,23,7,-1
1.16,0.1020333,0.2931851,-0.154696,-0.3683673,-0.3274779,-0.6965061,0.3334429,-0.3336637,-3.363733,1.844183,-32.60784,54.70388,0.17,-0.1,-3.17,2.93,0.1439942,-0.1394125,-2,-5,-4,-2,4,-13,-1,-2
1.18,0.09866985,0.2853289,-0.1612456,-0.3822974,0.123768,0.1262845,0.2668044,-0.28293,-3.331928,2.536687,1.590252,34.62524,0.17,-0.1,-3.17,2.93,0.1439942,-0.1394125,-2,-5,-4,-2,4,-13,-1,-2
1.2,0.09507474,0.2771988,-0.1587702,-0.3797717,0.7440882,0.9412894,0.2113689,-0.2314956,-2.771775,2.571718,28.00766,1.751554,0.17,-0.1,-3.17,2.93,0.1439942,-0.1394125,-2,-5,-4,-2,4,-13,-1,-2
1.22,0.09152433,0.2692005,-0.1438885,-0.3609459,1.37299,1.619274,0.1829551,-0.1875805,-1.420689,2.195758,67.55427,-18.79801,0.43,-0.07,-2.44,2.38,0.3885659,-0.1041384,2,2,-3,11,14,-4,-16,1
1.24,0.08832654,0.2617752,-0.1164287,-0.3285604,1.910073,1.966777,0.1908285,-0.1412488,0.3936693,2.316581,90.71794,6.041121,0.27,0.18,-1.95,2.14,0.2842861,0.133518,2,2,-3,11,14,-4,-16,1
1.26,0.08566028,0.2552615,-0.07822722,-0.2892249,2.477012,1.870485,0.2179268,-0.0871295,1.354916,2.705967,48.06236,19.4693,0.32,-0.1,-1.4,2.01,0.3096485,-0.0486897,2,2,-3,11,14,-4,-16,1
1.28,0.08370157,0.2496742,-0.02868699,-0.2518152,3.138748,1.53907,0.2511967,-0.05564681,1.663494,1.574134,15.42888,-56.59161,0.42,-0.3,-0.92,1.77,0.4004203,-0.2791733,-1,-2,-1,2,14,-2,1,-2
1.3,0.08289836,0.2448799,0.03408797,-0.2210338,3.523919,1.132174,0.3058262,-0.07323574,2.731474,-0.8794461,53.39899,-122.679,0.77,-0.35,-1.16,1.83,0.7238113,-0.3324641,-1,-2,-1,2,14,-2,1,-2
1.32,0.08370844,0.2408561,0.1045664,-0.1983903,-5.100048,0.4640443,0.3913089,-0.1326112,4.274139,-2.968771,77.13326,-104.4662,0.65,-0.45,-2.2,2.69,0.645868,-0.4484078,-1,1,1,-1,-1,-5,9,-1
1.34,0.08623252,0.2375089,0.002565401,-0.1891094,-5.825963,-0.5814342,0.4822368,-0.2027635,4.546395,-3.507618,13.61279,-26.94235,0.65,-0.18,-2.81,2.81,0.6094009,-0.1888562,1,1,5,-3,3,-3,5,0
1.36,0.08679575,0.2343865,-0.1139539,-0.2007381,-6.683993,-1.69352,0.5289512,-0.2351567,2.33572,-1.619661,-110.5338,94.39786,0.06,0.06,-1.77,1.28,0.1075223,0.06077353,1,1,5,-3,3,-3,5,0
1.38,0.08475336,0.2307108,-0.2476337,-0.2346085,1.328202,-2.264861,0.4754401,-0.2070353,-2.675554,1.406071,-250.5637,151.2866,-0.38,0.08,-0.49,0.43,-0.3666238,0.08161525,1,0,0,4,38,6,4,2
1.4,0.0795951,0.2256298,-0.2210697,-0.2799057,1.672323,-1.610393,0.3181039,-0.1440039,-7.86681,3.151572,-259.5628,87.27506,-0.27,0.04,-2.08,2.5,-0.3126107,0.01438517,1,0,0,4,38,6,4,2
1.42,0.07471351,0.2188876,-0.1876232,-0.3121136,2.443048,0.3138834,0.1547422,-0.08741453,-8.168088,2.829468,-15.06388,-16.10519,0.43,-0.15,-2.81,3.05,0.4004305,-0.1316922,1,0,0,4,38,6,4,2
1.44,0.0705483,0.2114571,-0.1387623,-0.3058359,3.135389,2.311823,0.0989888,-0.05062059,-2.787669,1.839697,269.0209,-49.48857,0.68,0.1,-1.22,1.53,0.663755,0.09362344,1,-1,0,4,-5,35,5,2
1.46,0.06750534,0.2049351,-0.07605451,-0.2595994,3.585129,2.993687,0.1528316,-0.01679502,2.692142,1.691279,273.9905,-7.420892,0.39,0.1,1.04,-1.22,0.429555,0.08293958,1,-1,0,4,-5,35,5,2
1.48,0.06573801,0.2001345,-0.004351937,-0.1997257,3.999037,2.335189,0.2279246,0.00359457,3.754649,1.01948,53.12539,-33.58997,0.15,-0.25,-0.73,-0.73,0.1422342,-0.2453124,1,-1,0,4,-5,35,5,2
1.5,0.06550264,0.1966858,0.07562879,-0.1530219,4.248272,1.416795,0.2681155,-0.02100646,2.009542,-1.230052,-87.25536,-112.4766,0.32,-0.35,-1.77,0.79,0.2683249,-0.3285874,1,-1,0,4,-5,35,5,2
1.52,0.0671943,0.1939173,0.1605942,-0.124686,-4.46109,0.9252545,0.2966361,-0.09306418,1.426034,-3.602886,-29.17542,-118.6417,0.61,-0.52,-0.67,1.53,0.5833455,-0.4812632,-1,-2,-3,-6,-18,-11,-1,-1
1.54,0.07093126,0.1916305,0.07137243,-0.1061809,-5.342642,0.5764403,0.3467662,-0.1942753,2.506502,-5.060554,54.02341,-72.88339,0.53,-0.5,-1.28,2.08,0.534139,-0.5068887,-1,-2,-3,-6,-18,-11,-1,-1
1.56,0.07309597,0.1898704,-0.03548041,-0.09465214,-6.580239,-0.03666209,0.4091485,-0.2866209,3.119114,-4.617284,30.63061,22.16349,0.55,-0.19,-2.14,2.32,0.5532661,-0.2048265,-1,-1,1,2,33,-2,-1,0
1.58,0.0730594,0.1884299,-0.1670852,-0.09538538,0.6989267,-0.7996179,0.4608867,-0.3228278,2.586912,-1.810342,-26.61012,140.3471,0.43,-0.04,-1.04,0.92,0.4523947,-0.03029965,-1,-1,1,2,33,-2,-1,0
1.6,0.06998163,0.1868978,-0.1531067,-0.1113777,0.2562678,-1.432399,0.4688216,-0.2891847,0.3967449,1.682153,-109.5083,174.6248,-0.05,0.08,-0.49,-0.37,0.005914524,0.08939791,-1,-1,1,2,33,-2,-1,0
1.62,0.06667414,0.1847283,-0.1479813,-0.1400257,0.6675748,-1.529445,0.3887781,-0.2132955,-4.002173,3.794462,-219.9459,105.6154,-0.45,-0.02,0,0.18,-0.4086348,-0.01885241,-1,-2,-6,-3,-19,-8,-4,-2
1.64,0.06316075,0.1813463,-0.1346298,-0.1706146,1.595811,-0.5504826,0.2357015,-0.1525892,-7.653829,3.035311,-182.5828,-37.95754,-0.07,-0.44,-2.38,2.32,-0.09843045,-0.3980023,-1,0,2,0,0,-12,-6,1
1.66,0.06002559,0.1768209,-0.1027136,-0.1816243,2.33817,1.321682,0.1158349,-0.1500068,-5.993334,0.1291215,83.02474,-145.3095,0.63,-0.39,-2.5,2.56,0.5819026,-0.3867114,-1,0,2,0,0,-12,-6,1
1.68,0.05795243,0.1723167,-0.05595019,-0.1551906,2.369895,2.78766,0.1260911,-0.1851212,0.5128138,-1.75572,325.3074,-94.24207,0.89,-0.19,-1.04,0.79,0.8981916,-0.2173092,0,-1,2,4,1,5,9,3
1.7,0.05708897,0.1692874,-0.008552302,-0.09943744,1.940305,2.662226,0.2423106,-0.2102362,5.810974,-1.255748,264.908,24.9986,0.52,-0.08,1.16,-1.28,0.5360283,-0.08921737,0,-1,2,4,1,5,9,3
1.72,0.05710066,0.168143,0.03025379,-0.04619293,1.633134,1.240852,0.3419717,-0.2092968,4.983054,0.04696995,-41.396,65.13588,-0.09,-0.17,0.06,-0.18,-0.07966879,-0.1570864,0,-1,2,4,1,5,9,3
1.74,0.05769884,0.1679433,0.06291647,-0.02137589,-6.763861,0.02197479,0.3694613,-0.2031432,1.374482,0.3076777,-180.4286,13.03539,0.59,-0.32,-3.78,3.17,0.524601,-0.3104213,1,0,3,2,0,-2,0,-1
1.76,0.05891248,0.1677157,-0.07236075,-0.02093639,-6.688845,-0.3142309,0.3898336,-0.219162,1.018615,-0.8009404,-17.79333,-55.4309,0.63,-0.44,-2.99,3.36,0.6568555,-0.4474873,1,0,3,2,0,-2,0,-1
1.78,0.05758203,0.1674449,-0.2061376,-0.02722101,1.523777,-0.5633913,0.4376019,-0.2560361,2.388413,-1.843704,68.48991,-52.1382,0.52,-0.34,-1.34,2.01,0.5393068,-0.2997957,-3,-2,-2,-1,-2,16,25,1
1.8,0.05372797,0.1672474,-0.1756621,-0.03848884,1.072909,-1.147615,0.4691979,-0.2865606,1.5798,-1.526223,-40.43065,15.87406,0.16,-0.26,-0.55,0.61,0.1905877,-0.2456298,0,0,1,-4,-14,1,-9,-1
1.82,0.05043723,0.166707,-0.1542039,-0.06144113,0.6996732,-1.534048,0.44491,-0.3004614,-1.214393,-0.6950393,-139.7096,41.55919,0.07,-0.37,-1.28,0.73,0.09297596,-0.3310927,0,0,1,-4,-14,1,-9,-1
1.84,0.04745464,0.1653015,-0.1402105,-0.09212209,0.5294774,-1.236997,0.3598363,-0.3042094,-4.253688,-0.1874045,-151.9648,25.38174,-0.18,-0.23,-2.01,2.38,-0.1821112,-0.2270816,0,0,1,-4,-14,1,-9,-1
1.86,0.04467758,0.1628405,-0.1296209,-0.116862,0.4839429,-0.1965147,0.262206,-0.2864504,-4.881513,0.8879513,-31.39124,53.76779,0.51,0,-2.26,2.75,0.5012322,-0.006660709,0,0,1,-4,-14,1,-9,-1
1.88,0.04195574,0.1597933,-0.1199421,-0.1207923,0.7011661,0.9975284,0.2402576,-0.2413526,-1.097423,2.254889,189.2045,68.34686,0.8,-0.09,-1.28,1.34,0.7935325,-0.1171432,-2,-2,0,5,11,-4,-8,-1
1.9,0.03922865,0.1572181,-0.1059188,-0.1008418,1.252435,1.265962,0.3012755,-0.1958813,3.050898,2.273566,207.416,0.9338856,0.4,-0.24,-0.85,0.79,0.4294138,-0.2195694,-2,-2,0,5,11,-4,-8,-1
1.92,0.0367792,0.1556448,-0.08087006,-0.07552252,1.808554,0.5197002,0.3580323,-0.1706733,2.837841,1.260403,-10.65284,-50.65817,0.13,-0.19,-0.98,0.79,0.1325475,-0.1655789,1,2,0,0,-6,0,-10,-2
1.94,0.03497819,0.154547,-0.04469899,-0.06512852,2.116844,-0.1744511,0.3551812,-0.1498128,-0.1425594,1.043025,-149.02,-10.86887,0.07,0.06,-0.43,0.61,0.07073029,0.05148381,1,2,0,0,-6,0,-10,-2
1.96,0.0348261,0.1545263,-0.04469899,-0.06512852,2.116844,-0.1744511,0.3101895,-0.123776,-2.249582,1.30184,-105.3511,12.94075,0.18,-0.23,-1.16,0.92,0.2018289,-0.1946339,1,2,0,0,-6,0,-10,-2
1.98,0.03398169,0.1532214,-0.04469899,-0.06512852,2.116844,-0.1744511,0.2765239,-0.1181879,-1.683278,0.279402,28.31518,-51.12192,0.56,-0.34,-1.71,1.95,0.5162584,-0.3137668,1,2,0,0,-6,0,-10,-2
2,0.03327122,0.1519467,-0.04469899,-0.06512852,2.116844,-0.1744511,0.2872644,-0.1535885,0.5370215,-1.770031,111.015,-102.4717,0.47,-0.51,-1.53,1.65,0.4634804,-0.4775384,1,2,0,0,-6,0,-10,-2
2.02,0.03283824,0.1509279,-0.04469899,-0.06512852,2.116844,-0.1744511,0.3352151,-0.2096199,2.397536,-2.80157,93.02572,-51.57697,0.66,-0.16,-1.59,1.34,0.6307632,-0.1826975,-1,0,3,-4,-6,-16,-8,-2
2.04,0.03252918,0.1501004,-0.04469899,-0.06512852,2.116844,-0.1744511,0.370708,-0.2365106,1.774645,-1.344533,-31.14455,72.85189,-0.17,0.05,-0.06,0.18,-0.1259695,0.01889646,-1,0,3,-4,-6,-16,-8,-2
2.06,0.03197674,0.1490936,-0.04469899,-0.06512852,2.116844,-0.1744511,0.3303747,-0.2180525,-2.016664,0.9229057,-189.5654,113.3719,-0.15,-0.13,-0.55,0.67,-0.1486875,-0.1143393,-1,0,3,-4,-6,-16,-8,-2
2.08,0.03105977,0.1474393,-0.04469899,-0.06512852,2.116844,-0.1744511,0.2453676,-0.1820745,-4.250356,1.798897,-111.6846,43.79958,0.36,-0.09,-2.32,2.75,0.3321368,-0.07931572,-1,0,3,-4,-6,-16,-8,-2
2.1,0.02997926,0.1453568,-0.04469899,-0.06512852,2.116844,-0.1744511,0.2092753,-0.1563472,-1.804613,1.286367,122.2871,-25.6265,0.59,-0.3,-1.1,1.83,0.5897748,-0.2811971,-2,-3,-6,-3,0,-4,9,-1
2.12,0.0289336,0.1435118,-0.04469899,-0.06512852,2.116844,-0.1744511,0.2592898,-0.1488197,2.500725,0.3763728,215.2669,-45.49973,0.82,-0.1,-1.1,0.24,0.7943611,-0.09478602,-2,-3,-6,-3,0,-4,9,-1
2.14,0.02797362,0.1421487,-0.04469899,-0.06512852,2.116844,-0.1744511,0.3528493,-0.1464539,4.677972,0.1182891,108.8624,-12.90418,0.33,-0.13,0.06,-0.79,0.3535469,-0.1534771,3,0,-1,3,-5,-7,-7,-2
2.16,0.02702974,0.1409282,-0.04469899,-0.06512852,2.116844,-0.1744511,0.4106586,-0.1603584,2.890465,-0.6952241,-89.37538,-40.67566,0.13,-0.53,-0.37,0.31,0.1656362,-0.5107052,2,-1,1,2,2,0,2,0
2.18,0.02618285,0.1392628,-0.04469899,-0.06512852,2.116844,-0.1744511,0.4182284,-0.2097621,0.3784895,-2.470184,-125.5988,-88.748,0.55,-0.37,-3.42,3.85,0.5055997,-0.389235,-2,-3,-3,-3,-1,-6,-4,1
2.2,0.02557126,0.1370412,-0.04469899,-0.06512852,2.116844,-0.1744511,0.4242609,-0.2589421,0.3016278,-2.458998,-3.843084,0.5593061,0.57,-0.09,-3.05,3.72,0.5461447,-0.08925457,0,-2,0,1,-4,-24,3,-2
2.22,0.02493181,0.1346026,-0.04469899,-0.06512852,2.116844,-0.1744511,0.4322371,-0.2542534,0.3988087,0.234431,4.859045,134.6714,0.21,0.16,-1.59,1.89,0.2077413,0.1579192,-2,1,-1,3,5,4,-9,-2
2.24,0.02386934,0.1319466,-0.04469899,-0.06512852,2.116844,-0.1744511,0.3861027,-0.1777015,-2.306721,3.827597,-135.2765,179.6583,-0.32,0.37,-0.49,-0.12,-0.3177694,0.3658343,-2,-3,2,-3,6,7,-8,0
2.26,0.02225228,0.128644,-0.04469899,-0.06512852,2.116844,-0.1744511,0.2650633,-0.06557332,-6.051971,5.606409,-187.2625,88.94059,-0.12,-0.03,-1.22,0.12,-0.159725,0.01408866,-2,-3,2,-3,6,7,-8,0
2.28,0.02034754,0.1245329,-0.04469899,-0.06512852,2.116844,-0.1744511,0.1506678,0.001667112,-5.719774,3.362022,16.60984,-112.2194,0.54,-0.41,-1.22,1.34,0.5081236,-0.394134,-2,-3,2,-3,6,7,-8,0
2.3,0.01874243,0.1201862,-0.04469899,-0.06512852,2.116844,-0.1744511,0.1439891,-0.02115167,-0.3339313,-1.140939,269.2921,-225.1481,0.87,-0.4,-2.69,2.75,0.8209494,-0.4306472,-2,-3,2,-6,-15,-1,6,1
2.32,0.01775972,0.1162815,-0.04469899,-0.06512852,2.116844,-0.1744511,0.2602694,-0.1037083,5.814014,-4.127831,307.3973,-149.3446,1.06,-0.34,-3.66,3.11,1.017745,-0.375488,-2,-3,2,-6,-15,-1,6,1
2.34,0.0171688,0.1128517,-0.04469899,-0.06512852,2.116844,-0.1744511,0.4311804,-0.1865413,8.545547,-4.14165,136.5766,-0.6909609,0.66,-0.13,-1.4,1.95,0.6498106,-0.1486446,0,1,-2,-3,0,-1,-4,2
2.36,0.01653168,0.1093505,-0.04469899,-0.06512852,2.116844,-0.1744511,0.5550796,-0.2238432,6.194961,-1.865096,-117.5293,113.8277,0.25,0.05,-1.34,1.59,0.2710361,0.001102009,0,1,-2,-3,0,-1,-4,2
2.38,0.0155138,0.1050313,-0.04469899,-0.06512852,2.116844,-0.1744511,0.5528722,-0.2046967,-0.1103669,0.9573236,-315.2664,141.121,-0.4,0.09,-2.2,2.26,-0.3403052,0.06378255,0,1,-2,-3,0,-1,-4,2
2.4,0.01403809,0.09933659,-0.04469899,-0.06512852,2.116844,-0.1744511,0.4146222,-0.1418622,-6.912504,3.141726,-340.1069,109.2201,-0.31,0.21,-1.71,2.26,-0.3522532,0.2104897,0,1,-4,-2,-25,3,-1,-2
2.42,0.01220087,0.09221221,-0.04469899,-0.06512852,2.116844,-0.1744511,0.2230641,-0.04614464,-9.577901,4.785879,-133.2698,82.20765,0.08,0.34,-1.71,1.83,0.02478122,0.3527804,2,0,2,8,5,11,5,-2
2.44,0.01008478,0.08424537,-0.04469899,-0.06512852,2.116844,-0.1744511,0.1012808,0.05986014,-6.089166,5.300239,174.4368,25.71802,0.56,0.22,-0.73,-0.43,0.597253,0.1767912,2,0,2,8,5,11,5,-2
2.46,0.007851687,0.07623969,-0.04469899,-0.06512852,2.116844,-0.1744511,0.0881138,0.1342501,-0.6583515,3.719501,271.5407,-79.03692,0.16,0.02,0.06,-1.04,0.198749,0.01551211,2,0,2,8,5,11,5,-2
2.48,0.005790712,0.06833046,-0.04469899,-0.06512852,2.116844,-0.1744511,0.1121699,0.1529974,1.202805,0.9373628,93.05783,-139.1069,0.01,-0.04,-0.79,0,0.01954278,-0.05750366,0,-1,-1,1,-2,-11,-1,2
2.5,0.004059581,0.05990243,-0.04469899,-0.06512852,2.116844,-0.1744511,0.1089079,0.1221018,-0.1630984,-1.544778,-68.29517,-124.107,-0.13,-0.12,-1.95,1.28,-0.1163272,-0.1581035,-2,-3,-4,0,23,2,-4,1
2.52,0.002608881,0.05049485,-0.04469899,-0.06512852,2.116844,-0.1744511,0.07611149,0.06097335,-1.639822,-3.056425,-73.83619,-75.58234,-0.01,-0.13,-2.26,2.32,-0.02740961,-0.1335871,1,0,2,-1,0,6,3,-1
2.54,0.001297389,0.04012242,-0.04469899,-0.06512852,2.116844,-0.1744511,0.06400581,-0.01359016,-0.605284,-3.728175,51.72691,-33.58753,0.57,-0.3,-1.1,1.71,0.562821,-0.2954511,-2,-3,-4,1,-10,-4,-3,-2
2.56,-4.64209E-07,0.02912221,-0.04469899,-0.06512852,2.116844,-0.1744511,0.1257411,-0.08766516,3.086766,-3.70375,184.6025,1.221287,0.6,-0.13,-0.67,0.98,0.6250873,-0.1406731,-2,-3,-4,1,-10,-4,-3,-2
2.58,-0.001211986,0.01773302,-0.04469899,-0.06512852,2.116844,-0.1744511,0.2229996,-0.1416211,4.862925,-2.697798,88.80793,50.29758,0.1,-0.13,-1.04,1.16,0.1400815,-0.1537524,-2,-3,-4,1,-10,-4,-3,-2
2.6,-0.002264947,0.005916609,-0.04469899,-0.06512852,2.116844,-0.1744511,0.2612771,-0.1634184,1.913875,-1.089864,-147.4525,80.39669,-0.24,0,-0.98,2.32,-0.220385,-0.01558116,-2,-3,-4,1,-10,-4,-3,-2
2.62,-0.001262888,-0.007110706,-0.04469899,-0.06512852,2.116844,-0.1744511,0.2231885,-0.1452128,-1.90443,0.9102814,-190.9152,100.0073,0.15,0.17,-2.75,3.66,0.1120728,0.158266,-2,-3,-4,1,-10,-4,-3,-2
2.64,0.0003065232,-0.01445159,-0.04469899,-0.06512852,2.116844,-0.1744511,0.1832939,-0.08161256,-1.99473,3.180011,-4.515016,113.4865,0.46,0.33,-2.5,2.26,0.4302612,0.3027703,0,2,-1,1,-4,18,-8,-1
2.66,0.001279991,-0.02192969,-0.04469899,-0.06512852,2.116844,-0.1744511,0.1905782,0.009188155,0.3642127,4.540036,117.9471,68.00125,0.32,0.18,-1.1,0.24,0.3437989,0.1999886,-1,-2,-3,-5,-26,-52,-11,-4
2.68,0.001977172,-0.02831358,-0.04469899,-0.06512852,2.116844,-0.1744511,0.2126992,0.07542522,1.106051,3.311853,37.0919,-61.40912,0.06,-0.22,-0.06,-0.73,0.04631413,-0.1982011,0,0,2,1,-3,16,-3,0
2.7,0.002739306,-0.03368379,-0.04469899,-0.06512852,2.116844,-0.1744511,0.2091113,0.06653696,-0.1793958,-0.4444134,-64.27232,-187.8133,0.13,-0.42,-0.43,1.1,0.100762,-0.4007114,0,1,5,6,2,-21,-2,1
2.72,0.003914748,-0.03826388,-0.04469899,-0.06512852,2.116844,-0.1744511,0.1976656,-0.009324752,-0.5722814,-3.793085,-19.64428,-167.4336,0.39,-0.28,-2.32,2.93,0.3787509,-0.2839259,-3,-1,-4,1,16,0,-3,-3
2.74,0.005450771,-0.04189241,-0.04469899,-0.06512852,2.116844,-0.1744511,0.2165708,-0.08339918,0.9452567,-3.703722,75.8769,4.468179,0.48,0.18,-2.56,2.2,0.4642279,0.1343147,1,1,-1,7,1,10,16,1
2.76,0.006877284,-0.04433151,-0.04469899,-0.06512852,2.116844,-0.1744511,0.2554543,-0.1042634,1.944175,-1.043213,49.9459,133.0255,0.22,-0.01,-0.61,-0.18,0.200407,0.01913417,1,1,-1,7,1,10,16,1
2.78,0.007841418,-0.04571033,-0.04469899,-0.06512852,2.116844,-0.1744511,0.2609643,-0.09117686,0.2755031,0.654329,-83.43358,84.87709,-0.16,-0.1,-0.55,0.37,-0.1383206,-0.08352458,-1,-5,-9,-2,-22,0,0,-1
2.8,0.00847398,-0.04641125,-0.04469899,-0.06512852,2.116844,-0.1744511,0.2094065,-0.07573654,-2.577892,0.7720162,-142.6698,5.884358,-0.04,0,-2.32,2.5,-0.05627143,-0.02160867,1,-1,-4,-7,-3,8,-4,1
2.82,0.008988909,-0.04655359,-0.04469899,-0.06512852,2.116844,-0.1744511,0.1470886,-0.06234883,-3.115894,0.6693855,-26.9001,-5.131534,0.33,-0.07,-3.17,2.99,0.287283,-0.05060834,1,-1,1,2,3,7,-3,1
2.84,0.009414427,-0.04578388,-0.04469899,-0.06512852,2.116844,-0.1744511,0.1317033,-0.04885694,-0.769268,0.6745944,117.3313,0.2604455,0.39,0.01,-1.46,1.22,0.4009237,0.02316717,1,-1,1,2,3,7,-3,1
2.86,0.009537871,-0.04374982,-0.04469899,-0.06512852,2.116844,-0.1744511,0.1475206,-0.02723363,0.7908687,1.081166,78.00684,20.32856,-0.11,0.14,0.43,-0.67,-0.05542016,0.1337378,1,-1,1,2,3,7,-3,1
2.88,0.009339638,-0.04064551,-0.04469899,-0.06512852,2.116844,-0.1744511,0.1427552,0.002908453,-0.2382711,1.507104,-51.45699,21.29694,0.06,0.05,-0.98,0.49,0.02806968,0.02328667,-3,-2,-2,1,3,-8,-5,-2
2.9,0.008814801,-0.03681256,-0.04469899,-0.06512852,2.116844,-0.1744511,0.1216847,0.01943124,-1.053526,0.8261395,-40.76276,-34.04824,0.19,-0.15,-2.01,1.34,0.16436,-0.1318579,1,3,5,1,-8,-48,-16,-1
2.92,0.008098113,-0.03216029,-0.04469899,-0.06512852,2.116844,-0.1744511,0.1240525,0.001602814,0.1183882,-0.8914215,58.59573,-85.87805,0.37,-0.25,-1.95,1.71,0.4059087,-0.2444629,-2,-3,-7,-6,-3,-9,-2,-1
2.94,0.00732155,-0.02639225,-0.04469899,-0.06512852,2.116844,-0.1744511,0.1753775,-0.0451466,2.566252,-2.337471,122.3932,-72.30247,0.59,-0.2,-1.83,1.65,0.6073637,-0.1961237,0,-2,-2,4,24,14,3,1
2.96,0.006448183,-0.01935887,-0.04469899,-0.06512852,2.116844,-0.1744511,0.2545258,-0.09583191,3.957415,-2.534265,69.55814,-9.839714,0.2,-0.16,-0.98,1.1,0.2493955,-0.1441858,0,-2,-2,4,24,14,3,1
2.98,0.005311756,-0.01123702,-0.04469899,-0.06512852,2.116844,-0.1744511,0.2932107,-0.127105,1.934248,-1.563652,-101.1583,48.53065,-0.1,-0.04,-0.61,0.92,-0.0932783,-0.03638135,1,1,4,1,3,28,0,3
3,0.003409136,-0.002579851,-0.04469899,-0.06512852,2.116844,-0.1744511,0.2535445,-0.1247065,-1.983313,0.1199208,-195.8781,84.17866,-0.16,0.13,-0.73,1.22,-0.1622632,0.0939217,1,-3,-4,-3,10,8,-1,-2
3.02,-0.0006735112,0.005829649,-0.04469899,-0.06512852,2.116844,-0.1744511,0.1716206,-0.0869147,-4.096194,1.889592,-105.6441,88.48354,0.08,0.18,-1.22,1.71,0.07900032,0.1433563,1,-3,-4,-3,10,8,-1,-2
3.04,-0.004199974,0.008677715,-0.04469899,-0.06512852,2.116844,-0.1744511,0.1053975,-0.03239528,-3.311153,2.725971,39.25207,41.81897,0.1,0.06,-2.32,1.95,0.1286192,0.05062567,0,2,1,-4,-8,3,9,2
3.06,-0.007436067,0.01176751,-0.04469899,-0.06512852,2.116844,-0.1744511,0.07686464,0.01369525,-1.426645,2.304527,94.2254,-21.07221,0.19,0.05,-1.4,0.67,0.1728487,0.04368383,1,1,0,1,12,0,5,0
3.08,-0.01017425,0.01426395,-0.04469899,-0.06512852,2.116844,-0.1744511,0.07451853,0.03432107,-0.1173053,1.031291,65.46699,-63.66179,0.12,-0.15,-0.06,-0.55,0.08647527,-0.1274783,1,1,0,1,12,0,5,0
3.1,-0.01200374,0.01602782,-0.04469899,-0.06512852,2.116844,-0.1744511,0.09249421,0.02752647,0.898784,-0.3397302,50.80447,-68.55106,0.41,0.01,-0.61,0.49,0.366946,-0.018622,1,1,0,1,12,0,5,0
3.12,-0.0129358,0.01705697,-0.04469899,-0.06512852,2.116844,-0.1744511,0.1370688,-0.001459399,2.22873,-1.449293,66.4973,-55.47816,0.31,-0.31,-1.22,0.79,0.3242151,-0.2810615,2,1,1,1,2,3,-2,-2
3.14,-0.01301167,0.01740081,-0.04469899,-0.06512852,2.116844,-0.1744511,0.1968598,-0.04420783,2.98955,-2.137422,38.04101,-34.40643,0.32,-0.02,-1.34,0.92,0.353779,-0.04273219,-4,-1,0,-4,-13,8,4,-2
3.16,-0.0122867,0.0169767,-0.04469899,-0.06512852,2.116844,-0.1744511,0.2308418,-0.07393695,1.699099,-1.486456,-64.52256,32.54831,-0.21,0.01,-1.1,0.55,-0.1451388,0.0009980772,-1,-1,3,1,-9,-13,1,-1
3.18,-0.01094593,0.01550954,-0.04469899,-0.06512852,2.116844,-0.1744511,0.2075315,-0.08642101,-1.165514,-0.624203,-143.2307,43.11264,0.05,-0.2,-0.92,0.98,-0.007714276,-0.2086862,-1,-1,3,1,-9,-13,1,-1
3.2,-0.009030003,0.01280254,-0.04469899,-0.06512852,2.116844,-0.1744511,0.1681979,-0.1091389,-1.966678,-1.135893,-40.0582,-25.58451,0.44,-0.3,-1.4,1.46,0.3865708,-0.2886725,-1,-1,3,1,-9,-13,1,-1
3.22,-0.006374715,0.009156363,-0.04469899,-0.06512852,2.116844,-0.1744511,0.1690534,-0.1446863,0.04277304,-1.777371,100.4726,-32.07391,0.34,-0.16,-1.46,2.26,0.3452447,-0.1788909,-3,-1,0,0,15,-50,9,0
3.24,-0.002957327,0.004933774,-0.04469899,-0.06512852,2.116844,-0.1744511,0.2074267,-0.1718226,1.918666,-1.356813,93.79465,21.0279,0.43,-0.12,-1.95,1.95,0.4218526,-0.1415525,-2,0,0,-2,-14,-3,-8,-1
3.26,0.0007174475,1.790922E-05,-0.04469899,-0.06512852,2.116844,-0.1744511,0.2622255,-0.1729708,2.739941,-0.05741268,41.06376,64.97003,0.4,0.06,-2.14,1.77,0.4195334,0.03911517,-2,0,0,-2,-14,-3,-8,-1
3.28,0.001095155,-0.003790648,-0.04469899,-0.06512852,2.116844,-0.1744511,0.3020841,-0.1471032,1.992931,1.293382,-37.35054,67.53974,0.05,-0.05,-1.1,0.85,0.06778727,-0.05558653,-2,-2,-2,1,6,-9,-2,-2
3.3,0.0009325881,-0.005960926,-0.04469899,-0.06512852,2.116844,-0.1744511,0.2758435,-0.1094582,-1.312034,1.882246,-165.2482,29.44322,-0.38,0.01,-0.49,1.04,-0.3405244,0.02389939,-2,-2,-2,1,6,-9,-2,-2
3.32,0.000635404,-0.00760597,-0.04469899,-0.06512852,2.116844,-0.1744511,0.1705158,-0.06906434,-5.266384,2.019695,-197.7175,6.872439,-0.26,0.02,-0.92,1.34,-0.2868018,0.04424065,-4,-3,-3,-11,-19,11,32,-2
3.34,0.000193503,-0.008562904,-0.04469899,-0.06512852,2.116844,-0.1744511,0.04569742,-0.03266419,-6.240919,1.820008,-48.72673,-9.984374,0.06,-0.04,-2.08,1.53,0.01340199,-0.03023163,-4,-3,-3,-11,-19,11,32,-2
3.36,-0.0003508502,-0.008366574,-0.04469899,-0.06512852,2.116844,-0.1744511,-0.02080113,-0.01212284,-3.324928,1.027068,145.7996,-39.64701,0.34,-0.03,-2.01,0.98,0.3319888,-0.05722183,-4,-3,-3,-11,-19,11,32,-2
3.38,-0.0006360496,-0.006551936,-0.04469899,-0.06512852,2.116844,-0.1744511,-0.008376014,-0.01803896,0.6212558,-0.2958059,197.3092,-66.14368,0.23,-0.25,-0.73,0.18,0.2176978,-0.2510517,1,1,0,-9,3,-8,-11,1
3.4,-0.0006127017,-0.003123491,-0.04469899,-0.06512852,2.116844,-0.1744511,0.04140635,-0.05145735,2.489118,-1.67092,93.39313,-68.7557,0.13,-0.17,-0.24,0.55,0.1457803,-0.17417,1,1,0,-9,3,-8,-11,1
3.42,-4.531776E-05,0.001544318,-0.04469899,-0.06512852,2.116844,-0.1744511,0.08119544,-0.09367823,1.989454,-2.111044,-24.9832,-22.0062,0,-0.21,-1.46,1.65,-0.01185519,-0.1653862,1,1,0,-9,3,-8,-11,1
3.44,0.0007564537,0.002992699,-0.04469899,-0.06512852,2.116844,-0.1744511,0.09347358,-0.1223727,0.613907,-1.434724,-68.77737,33.81598,0.07,-0.05,-1.53,1.83,0.04467309,-0.04166388,1,1,0,-9,3,-8,-11,1
3.46,0.001058542,0.003399031,-0.04469899,-0.06512852,2.116844,-0.1744511,0.09936017,-0.1322734,0.2943296,-0.495033,-15.97887,46.98457,0.26,-0.17,-0.49,1.1,0.2931097,-0.1494813,1,1,0,-9,3,-8,-11,1
3.48,0.0009089808,0.002693933,-0.04469899,-0.06512852,2.116844,-0.1744511,0.1216932,-0.1247335,1.11665,0.3769938,41.11601,43.60134,0.22,0.12,-1.16,1.1,0.1879039,0.08052601,1,1,0,-9,3,-8,-11,1
3.5,0.000295327,0.0009678036,-0.04469899,-0.06512852,2.116844,-0.1744511,0.1828388,-0.1033217,3.057283,1.070591,97.03167,34.67988,0.9,-0.18,-1.83,0.55,0.9052184,-0.126743,1,-2,-3,-1,-1,-7,-2,0
3.52,-0.0009305373,-0.001506247,-0.04469899,-0.06512852,2.116844,-0.1744511,0.2934907,-0.09726001,5.532593,0.3030833,123.7655,-38.37541,0.43,-0.35,-0.73,0.24,0.4797417,-0.3372,-1,-1,1,-3,-2,-6,0,0
3.54,-0.0007526476,-0.001165389,-0.04469899,-0.06512852,2.116844,-0.1744511,0.3714114,-0.1317572,3.896037,-1.724857,-81.8278,-101.397,-0.19,-0.4,-1.16,1.89,-0.1813115,-0.4003162,1,0,0,0,-1,-14,-5,1
3.56,-6.645348E-05,-0.0005154295,-0.04469899,-0.06512852,2.116844,-0.1744511,0.3303851,-0.1729532,-2.051316,-2.0598,-297.3677,-16.74714,-0.34,0.1,-2.56,3.42,-0.3515153,0.08557185,1,0,0,0,-1,-14,-5,1
3.58,0.0002934771,0.0002152769,-0.04469899,-0.06512852,2.116844,-0.1744511,0.2163811,-0.1570611,-5.700199,0.7946052,-182.4441,142.7203,0.22,0.32,-1.46,1.95,0.1719993,0.3210447,-2,-2,-7,1,11,8,0,-1
3.6,-0.0008666269,-0.0007679071,-0.04469899,-0.06512852,2.116844,-0.1744511,0.1400832,-0.08505311,-3.814896,3.600397,94.26511,140.2896,0.48,0.01,-0.06,-0.61,0.4345288,0.03558573,-2,-2,-7,1,11,8,0,-1
3.62,-0.0008787055,-0.0006350815,-0.04469899,-0.06512852,2.116844,-0.1744511,0.1288366,-0.02698579,-0.5623274,2.903366,162.6284,-34.85157,0.04,-0.24,-0.67,0,0.08889815,-0.2413808,-2,0,-1,-8,-15,-4,4,-2
3.64,0.0001776016,0.0003826258,-0.04469899,-0.06512852,2.116844,-0.1744511,0.1416937,-0.02707108,0.6428533,-0.00426434,60.25903,-145.3815,0.29,-0.27,-1.22,2.14,0.301624,-0.281673,2,1,6,-1,3,7,-4,2
3.66,0.0004119916,-0.0001683593,-0.04469899,-0.06512852,2.116844,-0.1744511,0.1871037,-0.06659933,2.2705,-1.976413,81.38236,-98.60741,0.77,-0.13,-2.5,3.11,0.721913,-0.1595029,2,1,6,-1,3,7,-4,2
3.68,-0.0002198143,0.0002917341,-0.04469899,-0.06512852,2.116844,-0.1744511,0.2812099,-0.106675,4.705308,-2.003782,121.7404,-1.368487,0.54,-0.12,-2.08,1.16,0.5587891,-0.1130274,-1,1,4,4,-4,-34,-10,-2
3.7,0.0004424929,0.0002499451,-0.04469899,-0.06512852,2.116844,-0.1744511,0.3639568,-0.1298618,4.137346,-1.159343,-28.39811,42.22194,0.06,-0.13,-0.73,-0.55,0.07578736,-0.116517,-1,1,4,4,-4,-34,-10,-2
3.72,-0.0005067476,-2.065026E-05,-0.04469899,-0.06512852,2.116844,-0.1744511,0.3338965,-0.1328659,-1.503018,-0.1502022,-282.0182,50.45707,-0.85,0.02,-1.16,0.31,-0.7883216,0.008690928,1,0,0,3,14,19,6,0
3.74,0.0002208044,-0.0004311446,-0.04469899,-0.06512852,2.116844,-0.1744511,0.1721091,-0.1090162,-8.089369,1.192486,-329.3176,67.13443,-0.3,0.14,-2.32,1.83,-0.3501517,0.1166885,-2,0,1,-1,-4,-14,-10,0
3.76,-0.0002906778,-0.0007109953,-0.04469899,-0.06512852,2.116844,-0.1744511,-0.005999355,-0.06008636,-8.905422,2.44649,-40.80267,62.7002,0.1,0.14,-2.44,2.14,0.04102045,0.1282571,0,0,2,1,8,17,8,1
3.78,-0.0002308746,1.958669E-05,-0.04469899,-0.06512852,2.116844,-0.1744511,-0.08899499,-0.006042608,-4.149782,2.702188,237.782,12.78486,0.38,0.04,-1.95,0.79,0.3438336,0.03631735,0,0,2,1,8,17,8,1
3.8,0.001108902,-6.619679E-05,-0.04469899,-0.06512852,2.116844,-0.1744511,-0.06492119,0.01797253,1.20369,1.200757,267.6736,-75.07154,0.27,-0.28,0.43,-1.16,0.321999,-0.2806474,0,0,2,1,8,17,8,1
3.82,0.000506142,0.0003900326,-0.04469899,-0.06512852,2.116844,-0.1744511,0.02367847,-0.02540811,4.429983,-2.169032,161.3146,-168.4894,0.45,-0.63,0.61,-0.67,0.4164087,-0.5995213,0,0,2,1,8,17,8,1
3.84,-0.0002637006,0.0003268247,-0.04469899,-0.06512852,2.116844,-0.1744511,0.1342537,-0.1409879,5.528761,-5.778989,54.93894,-180.4978,0.42,-0.67,-2.2,3.05,0.3922758,-0.6648853,-4,-2,-1,-5,-9,-10,11,-2
3.86,0.0009427202,-0.0002905804,-0.04469899,-0.06512852,2.116844,-0.1744511,0.243883,-0.2861176,5.481467,-7.256486,-2.364731,-73.87488,0.51,-0.57,-2.38,3.72,0.5336468,-0.5484411,-1,-1,-1,2,-1,11,16,2
3.88,0.0009561898,0.0002948887,-0.04469899,-0.06512852,2.116844,-0.1744511,0.3429931,-0.3920678,4.955501,-5.297507,-26.29828,97.94896,0.49,-0.09,-1.95,2.75,0.4956124,-0.1321553,-1,-1,-1,2,-1,11,16,2
3.9,-0.000153226,0.0003203421,-0.04469899,-0.06512852,2.116844,-0.1744511,0.3888368,-0.40039,2.292186,-0.4161105,-133.1658,244.0698,-0.24,0.17,-0.31,0,-0.2157577,0.1936161,-2,1,0,-2,-1,-15,-4,-2
3.92,2.397237E-05,-0.0005658623,-0.04469899,-0.06512852,2.116844,-0.1744511,0.3178165,-0.311914,-3.551014,4.423799,-292.16,241.9955,-0.57,0.12,-0.12,-0.31,-0.5369984,0.1499815,3,1,4,6,2,5,-5,1
3.94,-0.0005686261,-0.0006013816,-0.04469899,-0.06512852,2.116844,-0.1744511,0.1467296,-0.1870848,-8.554342,6.241459,-250.1664,90.88302,-0.37,0,-1.77,1.46,-0.3904833,0.02144457,3,1,4,6,2,5,-5,1
3.96,-0.0003370327,-0.0005325132,-0.04469899,-0.06512852,2.116844,-0.1744511,-0.01865639,-0.09081544,-8.269302,4.813469,14.252,-71.39948,0.17,-0.19,-0.98,1.53,0.1437682,-0.1851836,3,1,4,6,2,5,-5,1
3.98,0.000976423,0.0003795134,-0.04469899,-0.06512852,2.116844,-0.1744511,-0.07566281,-0.0607606,-2.850321,1.502742,270.9491,-165.5364,0.58,-0.41,-0.24,0.49,0.5557767,-0.3891701,2,0,-1,1,-4,1,-4,-1
4,0.0003747889,0.0005129046,-0.04469899,-0.06512852,2.116844,-0.1744511,0.008911465,-0.1021926,4.228714,-2.071598,353.9517,-178.717,0.92,-0.49,-0.61,0.31,0.8830919,-0.4980554,2,0,-1,1,-4,1,-4,-1
4.02,7.225334E-05,0.0007638807,-0.04469899,-0.06512852,2.116844,-0.1744511,0.198195,-0.1921764,9.464177,-4.499192,261.7732,-121.3797,0.9,-0.55,-2.2,1.59,0.9151402,-0.5323635,0,1,4,6,6,25,2,2
4.04,0.0004919676,0.0006491835,-0.04469899,-0.06512852,2.116844,-0.1744511,0.3990352,-0.2872961,10.04201,-4.755984,28.89175,-12.83963,0.41,-0.26,-2.62,2.87,0.415069,-0.3085149,0,1,4,6,6,25,2,2
4.06,-0.0003631374,0.0003028977,-0.04469899,-0.06512852,2.116844,-0.1744511,0.5018744,-0.3335098,5.141957,-2.310687,-245.0027,122.2649,-0.08,0.02,-2.87,2.81,-0.06105343,0.01250566,0,1,4,6,6,25,2,2
4.08,0.0001890362,-0.001490307,-0.04469899,-0.06512852,2.116844,-0.1744511,0.4584415,-0.298581,-2.171645,1.746443,-365.6801,202.8565,-0.32,0.17,-1.83,1.04,-0.3233302,0.1993032,0,1,4,6,6,25,2,2
4.1,-0.0002565444,-0.001807969,-0.04469899,-0.06512852,2.116844,-0.1744511,0.3164713,-0.2045463,-7.098508,4.701735,-246.3432,147.7646,-0.08,0.01,-1.95,0.37,-0.07297038,0.06057835,0,1,4,6,6,25,2,2
4.12,-0.0008888785,-0.001895057,-0.04469899,-0.06512852,2.116844,-0.1744511,0.1531502,-0.1120092,-8.166058,4.626856,-53.37749,-3.743935,-0.27,-0.15,-0.92,0.37,-0.2916118,-0.1352225,-1,-2,-2,-1,-4,-10,-2,-3
4.14,-0.0006888271,-0.001205837,-0.04469899,-0.06512852,2.116844,-0.1744511,0.0130432,-0.07243851,-7.005349,1.978532,58.03542,-132.4162,0,-0.39,-0.31,0.67,-0.02713631,-0.3669367,-1,-2,-2,-1,-4,-10,-2,-3
4.16,0.0004796553,0.0002476663,-0.04469899,-0.06512852,2.116844,-0.1744511,-0.05862885,-0.09034139,-3.583603,-0.895144,171.0873,-143.6838,0.35,-0.24,-1.1,1.16,0.3381044,-0.2306028,2,1,-1,0,5,-5,1,0
4.18,0.000248222,0.000680713,-0.04469899,-0.06512852,2.116844,-0.1744511,-0.02194539,-0.1408893,1.834173,-2.527396,270.8888,-81.61263,0.74,-0.46,-1.22,0.85,0.6756974,-0.4380889,2,1,-1,0,5,-5,1,0
4.2,0.0001840192,0.0007548697,-0.04469899,-0.06512852,2.116844,-0.1744511,0.1093849,-0.2081909,6.566517,-3.365077,236.6172,-41.88404,0.65,-0.37,-1.28,0.92,0.6784861,-0.3767809,-3,-2,-4,0,-4,-1,-1,-2
4.22,3.636973E-05,0.0001665243,-0.04469899,-0.06512852,2.116844,-0.1744511,0.2615128,-0.2680601,7.606395,-2.993463,51.9939,18.58071,0.27,-0.22,-0.85,1.04,0.3024341,-0.2213965,-3,-2,-4,0,-4,-1,-1,-2
4.24,-0.0001536285,-0.001110482,-0.04469899,-0.06512852,2.116844,-0.1744511,0.3456018,-0.2906171,4.204448,-1.127848,-170.0974,93.28075,-0.07,-0.12,-1.16,1.34,-0.03634382,-0.1033671,-3,-2,-4,0,-4,-1,-1,-2
4.26,-0.0002149065,-0.0004945776,-0.04469899,-0.06512852,2.116844,-0.1744511,0.3259641,-0.2733482,-0.9818852,0.8634448,-259.3167,99.56464,-0.19,-0.14,-2.87,1.65,-0.1694999,-0.1195193,0,1,2,4,-9,1,9,2
4.28,-8.902462E-05,-2.056207E-05,-0.04469899,-0.06512852,2.116844,-0.1744511,0.2510819,-0.2378175,-3.744112,1.776532,-138.1113,45.65437,0.28,-0.15,-2.44,1.28,0.2653345,-0.164893,0,1,2,4,-9,1,9,2
4.3,0.001246493,1.706707E-05,-0.04469899,-0.06512852,2.116844,-0.1744511,0.1940211,-0.2041316,-2.853037,1.684297,44.55377,-4.611761,0.17,-0.13,-0.73,0.06,0.2045734,-0.1505476,0,1,2,4,-9,1,9,2
4.32,0.0003895119,-0.0001898924,-0.04469899,-0.06512852,2.116844,-0.1744511,0.1490055,-0.1776373,-2.250782,1.324717,30.11271,-17.979,-0.29,-0.12,-0.18,-0.24,-0.2658757,-0.1353468,2,2,2,-2,12,11,-1,-1
4.34,-0.001119377,0.0001300333,-0.04469899,-0.06512852,2.116844,-0.1744511,0.07521628,-0.1649448,-3.68946,0.6346233,-71.93387,-34.50468,-0.14,-0.28,-0.67,0.55,-0.1964167,-0.2966302,-1,-1,-2,-6,-1,-5,-5,-1
4.36,-0.000527435,-0.0002043603,-0.04469899,-0.06512852,2.116844,-0.1744511,-0.0005146011,-0.1850682,-3.786544,-1.006172,-4.854214,-82.03976,0.12,-0.52,-2.2,2.08,0.1046228,-0.502703,-1,-3,0,0,-6,-2,-8,-1
4.38,0.001121423,-0.0001421811,-0.04469899,-0.06512852,2.116844,-0.1744511,-0.0003936855,-0.2418333,0.006045782,-2.838251,189.6295,-91.60397,0.8,-0.44,-1.95,2.08,0.7951023,-0.4541972,-1,-3,0,0,-6,-2,-8,-1
4.4,0.0007844964,0.0004873382,-0.04469899,-0.06512852,2.116844,-0.1744511,0.1110437,-0.3073551,5.57187,-3.276091,278.2912,-21.892,0.69,-0.36,-1.46,1.16,0.7179393,-0.3713805,-1,-3,0,0,-6,-2,-8,-1
4.42,-1.402299E-05,0.0007655454,-0.04469899,-0.06512852,2.116844,-0.1744511,0.2564165,-0.3516525,7.268641,-2.214873,84.83858,53.06091,0.14,-0.3,-0.92,0.92,0.176407,-0.2941695,-1,-3,0,0,-6,-2,-8,-1
4.44,-0.0005034332,-0.0001930027,-0.04469899,-0.06512852,2.116844,-0.1744511,0.3206457,-0.363245,3.211458,-0.5796224,-202.8592,81.76253,-0.23,-0.23,-1.22,1.53,-0.2026129,-0.2259244,-1,0,-1,-3,-2,-7,-5,-1
4.46,0.0005599976,-0.00056836,-0.04469899,-0.06512852,2.116844,-0.1744511,0.2657419,-0.3424415,-2.74519,1.040173,-297.8324,80.98975,-0.35,-0.12,-1.89,2.81,-0.3634972,-0.1324178,-1,0,-1,-3,-2,-7,-5,-1
4.48,0.0001576511,-0.0006533125,-0.04469899,-0.06512852,2.116844,-0.1744511,0.1587079,-0.2962269,-5.351701,2.31073,-130.3255,63.5279,0.29,-0.11,-1.77,2.32,0.2577277,-0.0989975,-1,3,0,-1,0,-3,-8,-1
4.5,-0.000458038,6.403992E-05,-0.04469899,-0.06512852,2.116844,-0.1744511,0.08236618,-0.2353887,-3.817085,3.04191,76.73081,36.559,-0.07,-0.04,-1.28,0.73,-0.03089458,-0.02839928,-1,1,2,3,-4,-7,-4,0
4.52,0.0005072389,0.0003631271,-0.04469899,-0.06512852,2.116844,-0.1744511,0.03399691,-0.1735887,-2.418464,3.090003,69.93103,2.404606,-0.11,-0.1,0.43,-0.18,-0.101095,-0.0947157,-1,1,2,3,-4,-7,-4,0
4.54,-0.0001390541,-0.0001601329,-0.04469899,-0.06512852,2.116844,-0.1744511,-0.007607309,-0.137847,-2.080211,1.787081,16.91266,-65.14606,0,-0.38,0.12,0.61,-0.01711722,-0.360604,1,-1,-2,-2,-1,8,1,1
4.56,0.0002204612,0.0002495876,-0.04469899,-0.06512852,2.116844,-0.1744511,-0.02041173,-0.1484028,-0.6402211,-0.5277857,71.99948,-115.7434,0.3,-0.33,-0.73,1.89,0.270882,-0.3453233,0,-1,-9,-12,5,-4,-1,0
4.58,-0.0001755147,-0.0003695324,-0.04469899,-0.06512852,2.116844,-0.1744511,0.0134327,-0.1869064,1.692221,-1.92518,116.6221,-69.86973,0.31,-0.25,-1.16,2.01,0.2638609,-0.2644692,0,-1,-9,-12,5,-4,-1,0
4.6,0.0005352712,0.0007111561,-0.04469899,-0.06512852,2.116844,-0.1744511,0.07487393,-0.2152871,3.072062,-1.41904,68.99202,25.30702,0.2,-0.07,-1.83,1.22,0.2261735,-0.07808721,0,-1,2,0,0,7,5,-1
4.62,6.479759E-05,0.0004012792,-0.04469899,-0.06512852,2.116844,-0.1744511,0.1542446,-0.2205088,3.968534,-0.2610818,44.82359,57.89791,0.69,-0.26,-0.31,-0.43,0.6487809,-0.2511265,0,-1,2,0,0,7,5,-1
4.64,-0.0002421859,-0.000705906,-0.04469899,-0.06512852,2.116844,-0.1744511,0.2536594,-0.2344117,4.97074,-0.6951459,50.11032,-21.70321,0.37,-0.59,0.24,-0.18,0.4020873,-0.547401,0,-1,2,0,0,7,5,-1
4.66,-3.257417E-05,0.0003212681,-0.04469899,-0.06512852,2.116844,-0.1744511,0.332723,-0.2819849,3.953178,-2.378661,-50.87807,-84.17577,0.17,-0.47,-3.17,3.05,0.2156815,-0.474745,0,-1,2,0,0,7,5,-1
4.68,0.0004507059,-0.0003570091,-0.04469899,-0.06512852,2.116844,-0.1744511,0.3476237,-0.3371641,0.7450357,-2.758958,-160.4071,-19.01482,-0.03,-0.31,-3.17,4.09,-0.02245317,-0.3199894,0,-1,2,0,0,7,5,-1
4.7,3.874977E-05,5.391415E-05,-0.04469899,-0.06512852,2.116844,-0.1744511,0.3103366,-0.3510748,-1.864356,-0.6955341,-130.4696,103.1712,0.26,0.08,-1.83,1.59,0.2525893,0.05279153,-1,-1,-1,-1,-14,2,4,-1
4.72,-0.0008667621,-0.001228018,-0.04469899,-0.06512852,2.116844,-0.1744511,0.2616016,-0.3066621,-2.43675,2.220635,-28.6197,145.8085,0.1,-0.08,-0.92,-0.06,0.09971078,-0.07885633,-1,-1,-1,-1,-14,2,4,-1
4.74,-0.0007520348,-0.0008879243,-0.04469899,-0.06512852,2.116844,-0.1744511,0.213377,-0.2297036,-2.411228,3.84792,1.276064,81.36425,0.09,0.07,-0.24,-1.04,0.06859561,0.07301657,-1,1,-3,-7,-15,-16,-8,-1
4.76,-0.0001900442,-6.192305E-05,-0.04469899,-0.06512852,2.116844,-0.1744511,0.1625054,-0.1469316,-2.543578,4.138603,-6.617463,14.53415,0.06,-0.02,0.24,-0.37,0.02798596,-0.01219551,-2,-1,1,4,-11,-17,-4,-2
4.78,0.00161268,0.0006495234,-0.04469899,-0.06512852,2.116844,-0.1744511,0.1164305,-0.09031923,-2.303746,2.830618,11.9916,-65.39927,0.1,-0.33,-1.53,1.77,0.06903057,-0.2915998,-3,-4,-3,-3,3,1,-14,-2
4.8,0.0008252647,0.0004618693,-0.04469899,-0.06512852,2.116844,-0.1744511,0.09580268,-0.09201681,-1.031393,-0.08487888,63.61765,-145.7748,0.36,-0.45,-3.6,2.99,0.3437305,-0.4062261,1,3,-1,3,4,22,2,0
4.82,5.610778E-05,1.853704E-05,-0.04469899,-0.06512852,2.116844,-0.1744511,0.1297304,-0.1365347,1.696386,-2.225893,136.389,-107.0507,0.61,-0.19,-1.83,2.08,0.5820853,-0.210932,1,3,-1,3,4,22,2,0
4.84,-0.0015457,-0.0004200718,-0.04469899,-0.06512852,2.116844,-0.1744511,0.195505,-0.1821789,3.288729,-2.282209,79.61713,-2.815771,0.07,-0.22,0,0.24,0.0751133,-0.2328725,1,3,-1,3,4,22,2,0
4.86,-0.00068264,8.852679E-05,-0.04469899,-0.06512852,2.116844,-0.1744511,0.2096636,-0.2028804,0.7079288,-1.035077,-129.04,62.35659,-0.34,0.01,-0.43,0.37,-0.3446003,-0.01417257,-2,0,2,-12,2,5,-1,-2
4.88,0.0006115035,-3.25606E-07,-0.04469899,-0.06512852,2.116844,-0.1744511,0.1538957,-0.1915163,-2.788392,0.5682066,-174.816,80.16418,0.11,-0.09,-1.46,0.85,0.09291652,-0.08326403,-2,0,2,-12,2,5,-1,-2
4.9,-5.844235E-05,-0.0004806851,-0.04469899,-0.06512852,2.116844,-0.1744511,0.1074801,-0.1643714,-2.320782,1.357242,23.38048,39.45176,0.37,-0.09,-1.1,0.85,0.3627397,-0.1180989,-2,0,2,-12,2,5,-1,-2
4.92,-0.0004325501,0.0005797408,-0.04469899,-0.06512852,2.116844,-0.1744511,0.1144878,-0.1528154,0.3503878,0.5778022,133.5585,-38.97198,0.24,-0.38,-0.85,0.79,0.2582701,-0.3769151,0,1,-3,3,34,-6,-3,-1
4.94,0.0001663895,0.0001697307,-0.04469899,-0.06512852,2.116844,-0.1744511,0.1423299,-0.177944,1.392105,-1.256429,52.08585,-91.71155,0.11,-0.45,-0.67,0.24,0.1074954,-0.4072445,1,-2,-6,-4,0,6,0,-2
4.96,-0.0003753856,-0.0004535216,-0.04469899,-0.06512852,2.116844,-0.1744511,0.1566931,-0.2288773,0.718157,-2.546667,-33.6974,-64.51189,0.13,-0.36,-1.28,0.31,0.1105839,-0.3565584,-1,0,1,6,5,-17,2,-1
4.98,0.0004539199,0.0001398261,-0.04469899,-0.06512852,2.116844,-0.1744511,0.1413442,-0.2738087,-0.7674448,-2.24657,-74.28009,15.00484,-0.23,-0.24,-1.04,0.24,-0.1877347,-0.2261257,-2,-4,-1,-3,-11,-16,-2,-1
5,-0.0002813306,-0.0002791926,-0.04469899,-0.06512852,2.116844,-0.1744511,0.09063711,-0.2938102,-2.535353,-1.000074,-88.39542,62.32482,-0.08,-0.24,-0.67,1.1,-0.1052807,-0.240983,-1,0,-2,3,14,-8,2,0
5.02,0.0004012238,-5.770801E-05,-0.04469899,-0.06512852,2.116844,-0.1744511,0.05764383,-0.305114,-1.649664,-0.5651936,44.28445,21.744,0.64,-0.52,-1.46,2.2,0.5862378,-0.4989473,-1,-2,-4,1,2,-11,-11,-2
5.04,-0.0006743076,9.417768E-05,-0.04469899,-0.06512852,2.116844,-0.1744511,0.1321772,-0.3361408,3.726667,-1.551341,268.8166,-49.30735,1.15,-0.49,-2.69,2.14,1.130783,-0.5336369,0,-2,-4,-1,-8,-6,2,0
5.06,0.000327724,0.0006146945,-0.04469899,-0.06512852,2.116844,-0.1744511,0.288486,-0.3857589,7.815441,-2.480905,204.4387,-46.47821,0.22,-0.53,-1.4,0.67,0.2746125,-0.5231375,0,-2,-4,-1,-8,-6,2,0
5.08,0.0001206013,0.0006601798,-0.04469899,-0.06512852,2.116844,-0.1744511,0.3767753,-0.4269256,4.414466,-2.058335,-170.0488,21.12851,-0.29,-0.32,-0.55,0.61,-0.2786259,-0.3265157,0,-2,-4,-1,-8,-6,2,0
5.1,-3.74201E-06,-0.0007328585,-0.04469899,-0.06512852,2.116844,-0.1744511,0.3170499,-0.4287219,-2.98627,-0.08981526,-370.0368,98.42597,-0.47,-0.12,-1.04,1.22,-0.4461823,-0.131594,-1,2,9,1,-9,-1,-8,-1
5.12,-0.0001528992,-0.0008970713,-0.04469899,-0.06512852,2.116844,-0.1744511,0.1752285,-0.3798922,-7.091069,2.441487,-205.24,126.5651,0.06,-0.07,-2.01,2.32,0.001659599,-0.04755137,2,1,0,-2,-9,52,5,0
5.14,-0.0002743996,-0.0006679188,-0.04469899,-0.06512852,2.116844,-0.1744511,0.06760121,-0.3002563,-5.381365,3.981793,85.48522,77.0153,0.35,-0.09,-2.14,1.89,0.3226995,-0.08717918,2,1,0,-2,-9,52,5,0
5.16,-2.764628E-05,0.0009190461,-0.04469899,-0.06512852,2.116844,-0.1744511,0.05443761,-0.228719,-0.6581798,3.576867,236.1593,-20.24628,0.48,-0.29,-0.73,0.31,0.4854158,-0.2773992,1,-3,-1,-5,4,-16,-6,-3
5.18,-1.84443E-05,0.0005671186,-0.04469899,-0.06512852,2.116844,-0.1744511,0.1131813,-0.2052425,2.937186,1.173827,179.7683,-120.152,0.34,-0.57,-0.55,-0.12,0.3379457,-0.5266585,1,-3,-1,-5,4,-16,-6,-3
5.2,9.783504E-05,-4.39201E-05,-0.04469899,-0.06512852,2.116844,-0.1744511,0.1579583,-0.236253,2.238846,-1.550527,-34.91701,-136.2177,-0.39,-0.39,-1.22,1.22,-0.3642197,-0.412754,1,-3,-1,-5,4,-16,-6,-3
5.22,0.0002993178,0.0002467641,-0.04469899,-0.06512852,2.116844,-0.1744511,0.1393041,-0.2814355,-0.9327099,-2.259126,-158.5778,-35.42997,0.18,-0.24,-1.65,1.65,0.1405919,-0.2416639,1,-3,-1,-5,4,-16,-6,-3
5.24,0.0005925277,0.0001256634,-0.04469899,-0.06512852,2.116844,-0.1744511,0.1214089,-0.3122271,-0.8947592,-1.539581,1.897532,35.97729,0.49,-0.45,-1.95,1.83,0.4512109,-0.4154387,1,-3,-1,-5,4,-16,-6,-3
5.26,0.0007924251,9.489935E-06,-0.04469899,-0.06512852,2.116844,-0.1744511,0.1585782,-0.3288427,1.858464,-0.83078,137.6611,35.44003,0.44,-0.16,-1.83,1.65,0.4391219,-0.2082743,1,-3,-1,-5,4,-16,-6,-3
5.28,0.0009003973,0.0002507857,-0.04469899,-0.06512852,2.116844,-0.1744511,0.2238259,-0.3265406,3.262389,0.115104,70.1963,47.2942,0.31,-0.29,-1.53,1.4,0.3229732,-0.2563423,1,-3,-1,-5,4,-16,-6,-3
5.3,0.0008853407,0.0006743627,-0.04469899,-0.06512852,2.116844,-0.1744511,0.2709208,-0.3086162,2.35474,0.8962229,-45.38245,39.05594,0.15,-0.19,0.12,0.06,0.1355025,-0.2211975,1,-2,-5,-4,-1,-27,1,0
5.32,0.0007690475,0.0009800944,-0.04469899,-0.06512852,2.116844,-0.1744511,0.2697595,-0.2914625,-0.05806088,0.857687,-120.6401,-1.926795,-0.05,-0.37,-1.46,0.85,-0.03754525,-0.3549789,1,-2,-5,-4,-1,-27,1,0
5.34,0.0006577072,0.0009725568,-0.04469899,-0.06512852,2.116844,-0.1744511,0.2187715,-0.2934324,-2.549404,-0.09849966,-124.5672,-47.80933,-0.06,-0.48,-1.65,1.65,-0.07426334,-0.4602749,-5,-6,-13,-4,1,8,9,-3
5.36,0.0006703865,0.0006415516,-0.04469899,-0.06512852,2.116844,-0.1744511,0.1599845,-0.3263478,-2.939346,-1.645769,-19.4971,-77.36348,0.35,-0.62,-1.04,1.16,0.3304181,-0.5907068,0,0,1,0,-3,3,-2,-2
