0.02,2.3,-0.9799995,-0.0459422,0.07704718,0,0,0,0,0,0,0,0
0.04,2.299081,-0.9784586,-0.0459422,0.07704718,3.500021,-3.500021,-8.583069E-05,-8.583069E-05,-0.004077206,-0.004131106,-0.2038603,-0.2065553
0.06,2.298163,-0.9769181,0.02405821,0.007046763,3.498972,-3.498972,-0.0002467632,-0.0002467632,-0.008154413,-0.008262211,-0.2038603,-0.2065553
0.08,2.298645,-0.9767782,0.09403765,-0.06293268,-3.503036,-3.497006,-0.0004935264,-0.0004935264,-0.01223162,-0.01239332,-0.2038603,-0.2065553
0.09999999,2.300528,-0.9780385,0.02397694,-0.1328728,-3.50605,3.50605,-0.0008153915,-0.0008261203,-0.01630883,-0.01652442,-0.2038603,-0.2065553
0.12,2.30101,-0.9806986,-0.04614406,-0.06275178,-3.510114,3.509983,-0.001223087,-0.001244545,-0.02038603,-0.02065553,-0.2038603,-0.2065553
0.14,2.30009,-0.9819563,-0.1163463,0.00744787,3.484816,3.514964,-0.001673698,-0.001716614,-0.02258402,-0.02342664,-0.1098996,-0.1385556
0.16,2.297767,-0.9818107,-0.04665003,0.07774714,3.479048,-3.479573,-0.002167225,-0.002242327,-0.02478202,-0.02619775,-0.1098996,-0.1385556
0.18,2.296838,-0.9802597,0.02293094,0.008155694,3.472625,-3.473543,-0.002703666,-0.002821684,-0.02698001,-0.02896886,-0.1098996,-0.1385556
0.2,2.297301,-0.9801011,0.09238344,-0.06131516,-3.534494,-3.466989,-0.003283024,-0.003454685,-0.029178,-0.03173998,-0.1098996,-0.1385556
0.22,2.299153,-0.9813309,0.02169356,-0.1306549,-3.542228,3.540131,-0.003905296,-0.004141331,-0.03137599,-0.03451109,-0.1098996,-0.1385556
0.24,2.299592,-0.9839489,-0.049151,-0.05985234,-3.550617,3.547733,-0.004559755,-0.004967451,-0.03257581,-0.04105169,-0.05999085,-0.3270299
0.26,2.298616,-0.9851508,-0.1201633,0.01110233,3.439332,3.555729,-0.005235672,-0.00592041,-0.03377562,-0.04759228,-0.05999085,-0.3270299
0.28,2.29622,-0.9849328,-0.05137671,0.08221691,3.427689,-3.436055,-0.00592041,-0.007019043,-0.03497544,-0.05413288,-0.05999085,-0.3270299
0.3,2.295201,-0.9832925,0.01717707,0.01349582,3.414267,-3.427689,-0.006652832,-0.008209229,-0.03617525,-0.06067348,-0.05999085,-0.3270299
0.32,2.295553,-0.9830283,0.0854624,-0.05505796,-3.600316,-3.418741,-0.007415771,-0.009552002,-0.03737507,-0.06721407,-0.05999085,-0.3270299
0.34,2.297273,-0.9841343,0.01345608,-0.1234328,-3.616721,3.590622,-0.008178711,-0.01098633,-0.03923234,-0.07182679,-0.09286373,-0.230636
0.36,2.297553,-0.986608,-0.05887834,-0.05162033,-3.634245,3.599943,-0.009002686,-0.01251221,-0.04108962,-0.07643951,-0.09286373,-0.230636
0.38,2.296387,-0.987646,-0.1315632,0.02037853,3.347154,3.61001,-0.009857178,-0.01412964,-0.04294689,-0.08105224,-0.09286373,-0.230636
0.4,2.293768,-0.9872443,-0.06462016,0.09257873,3.327394,-3.379592,-0.01077271,-0.01586914,-0.04480416,-0.08566496,-0.09286373,-0.230636
0.42,2.292489,-0.985399,0.001927714,0.02498689,3.306142,-3.368407,-0.01171875,-0.01766968,-0.04666144,-0.09027768,-0.09286373,-0.230636
0.4400001,2.292541,-0.9849058,0.06805055,-0.04238123,-3.715898,-3.356848,-0.01266479,-0.01953125,-0.04752747,-0.0936041,-0.04330176,-0.166321
0.4600001,2.293916,-0.9857586,-0.006267411,-0.1095182,-3.738642,3.654751,-0.01361084,-0.02145386,-0.04839351,-0.09693053,-0.04330176,-0.166321
0.4800001,2.293805,-0.9879552,-0.08104024,-0.03642318,3.237911,3.66631,-0.01461792,-0.02346802,-0.04925955,-0.1002569,-0.04330176,-0.166321
0.5000001,2.292199,-0.9886922,-0.01628202,0.03690301,3.213303,3.678613,-0.015625,-0.02554321,-0.05012558,-0.1035834,-0.04330176,-0.166321
0.52,2.291889,-0.9879635,0.04798404,0.1104753,3.187949,-3.309124,-0.01663208,-0.02767944,-0.05099162,-0.1069098,-0.04330176,-0.166321
0.54,2.292865,-0.9857633,0.111743,0.0442928,-3.838191,-3.29682,-0.01779175,-0.02984619,-0.05760773,-0.1080014,-0.3308052,-0.054582
0.56,2.295116,-0.9848868,0.03497921,-0.02164361,-3.864663,-3.282652,-0.01907349,-0.03201294,-0.06422383,-0.1090931,-0.3308052,-0.054582
0.58,2.295832,-0.9853299,-0.04231404,-0.08729666,-3.891134,3.733049,-0.02047729,-0.03421021,-0.07083994,-0.1101847,-0.3308052,-0.054582
0.6,2.295002,-0.9870862,-0.1201367,-0.01263569,3.082061,3.7502,-0.02203369,-0.03643799,-0.07745605,-0.1112763,-0.3308052,-0.054582
0.6199999,2.292616,-0.9873495,-0.0584955,0.0623683,3.054843,3.769215,-0.02371216,-0.03866577,-0.08407216,-0.112368,-0.3308052,-0.054582
0.6399999,2.291462,-0.9861134,0.002601364,0.1377526,3.027626,-3.21032,-0.02545166,-0.04095459,-0.08757783,-0.1138485,-0.1752836,-0.07402405
0.6599999,2.291531,-0.9833707,0.06315388,0.07354619,-4.000378,-3.189068,-0.02728271,-0.04324341,-0.0910835,-0.1153289,-0.1752836,-0.07402405
0.6799999,2.292811,-0.9819137,-0.01685367,0.009764831,-4.028341,-3.166697,-0.0291748,-0.04559326,-0.09458917,-0.1168094,-0.1752836,-0.07402405
0.6999999,2.292492,-0.9817324,-0.09742049,-0.05356911,2.94299,-3.143581,-0.03112793,-0.04797363,-0.09809484,-0.1182899,-0.1752836,-0.07402405
0.7199998,2.290561,-0.9828184,-0.0385607,-0.1164407,2.913908,3.880322,-0.03317261,-0.050354,-0.1016005,-0.1197704,-0.1752836,-0.07402405
0.7399998,2.289807,-0.9851621,0.01971745,-0.03883428,2.884826,3.905303,-0.03518677,-0.05285645,-0.1010098,-0.124195,0.02953335,-0.221229
0.7599998,2.29022,-0.985955,0.07741397,0.03927176,-4.145787,3.92991,-0.03720093,-0.05541992,-0.1004192,-0.1286196,0.02953335,-0.221229
0.7799998,2.291787,-0.985185,-0.005501765,0.11787,-4.177105,-3.045522,-0.03918457,-0.05807495,-0.0998285,-0.1330441,0.02953335,-0.221229
0.7999998,2.291696,-0.9828429,-0.08904387,0.05695952,2.790495,-3.021287,-0.04116821,-0.06082153,-0.09923784,-0.1374687,0.02953335,-0.221229
0.8199998,2.289935,-0.9817193,-0.03323396,-0.00346623,2.756939,-2.997053,-0.04315186,-0.06369019,-0.09864717,-0.1418933,0.02953335,-0.221229
0.8399997,2.289292,-0.9818026,0.02190482,-0.06340728,2.721892,4.027222,-0.04519653,-0.06658936,-0.1029738,-0.1461099,-0.2163326,-0.2108295
0.8599997,2.289751,-0.9830861,0.07634266,0.01713716,-4.313566,4.052203,-0.04733276,-0.0696106,-0.1073005,-0.1503265,-0.2163326,-0.2108295
0.8799997,2.2913,-0.98276,-0.009928656,0.09818123,-4.350477,-2.921737,-0.04959106,-0.07269287,-0.1116271,-0.1545431,-0.2163326,-0.2108295
0.8999997,2.291123,-0.9808131,-0.0969382,0.03974648,2.611902,-2.894147,-0.0519104,-0.0758667,-0.1159538,-0.1587597,-0.2163326,-0.2108295
0.9199997,2.289207,-0.9800346,-0.04470017,-0.01813645,2.573126,-2.865811,-0.05429077,-0.07913208,-0.1202804,-0.1629763,-0.2163326,-0.2108295
0.9399996,2.288337,-0.9804166,0.006762343,-0.07545266,2.533231,4.16331,-0.05670166,-0.08242798,-0.1196174,-0.1651164,0.03315015,-0.1070076
0.9599996,2.288495,-0.9819452,0.05742697,0.007813537,-4.507071,4.192765,-0.05908203,-0.08578491,-0.1189544,-0.1672566,0.03315015,-0.1070076
0.9799996,2.289668,-0.9818061,-0.03271445,0.09166883,-4.548084,-2.778191,-0.06143188,-0.08917236,-0.1182914,-0.1693967,0.03315015,-0.1070076
0.9999996,2.289038,-0.9799917,-0.1236761,0.036105,2.410564,-2.749482,-0.06378174,-0.09259033,-0.1176284,-0.1715369,0.03315015,-0.1070076
1.02,2.286589,-0.9792873,-0.07546484,-0.01888464,2.368805,-2.720773,-0.06613159,-0.09606934,-0.1169654,-0.173677,0.03315015,-0.1070076
1.04,2.285104,-0.9796813,-0.02808874,-0.07330011,2.3263,4.307973,-0.06845093,-0.09957886,-0.1163172,-0.1755829,0.03241117,-0.09529351
1.06,2.284567,-0.9811639,0.01843727,0.01285936,2.283423,4.336309,-0.07077026,-0.1031494,-0.1156689,-0.1774888,0.03241117,-0.09529351
1.08,2.284961,-0.9809241,0.06410573,0.09958553,-4.760231,-2.635391,-0.07305908,-0.10672,-0.1150207,-0.1793947,0.03241117,-0.09529351
1.1,2.286268,-0.9789503,-0.03109887,0.04687771,-4.803853,-2.607428,-0.0753479,-0.1103516,-0.1143725,-0.1813005,0.03241117,-0.09529351
1.12,2.285672,-0.9780313,-0.1271759,-0.005270842,2.151808,-2.579464,-0.07763672,-0.1140137,-0.1137243,-0.1832064,0.03241117,-0.09529351
1.14,2.283154,-0.9781541,-0.08413977,-0.05686012,2.107066,4.448535,-0.07989502,-0.1177063,-0.1126849,-0.184362,0.05196813,-0.05777828
1.159999,2.281497,-0.9793066,-0.04199845,0.03211058,2.061951,4.476125,-0.0821228,-0.1214294,-0.1116455,-0.1855175,0.05196813,-0.05777828
1.179999,2.280683,-0.9786795,-0.0007594312,0.1216331,2.016464,-2.496692,-0.08432007,-0.1251526,-0.1106062,-0.1866731,0.05196813,-0.05777828
1.199999,2.280693,-0.9762636,0.03956984,0.07169925,1.970976,-2.469847,-0.08651733,-0.1289063,-0.1095668,-0.1878287,0.05196813,-0.05777828
1.219999,2.28151,-0.9748456,0.07898936,0.02230231,-5.074908,-2.443002,-0.08868408,-0.1326904,-0.1085275,-0.1889843,0.05196813,-0.05777828
1.239999,2.283116,-0.9744161,-0.0225088,-0.02655773,-5.12114,-2.41653,-0.09082031,-0.1365051,-0.1064695,-0.1908145,0.1028979,-0.09151338
1.259999,2.282692,-0.9749635,-0.1249316,-0.07488832,1.832276,4.609602,-0.09289551,-0.1403503,-0.1044115,-0.1926448,0.1028979,-0.09151338
1.279999,2.28022,-0.9764764,-0.08828609,0.01730373,1.785297,4.634956,-0.09494019,-0.1442566,-0.1023536,-0.1944751,0.1028979,-0.09151338
1.299999,2.278481,-0.9761457,-0.05258014,0.1100028,1.737572,-2.340096,-0.09695435,-0.1481628,-0.1002956,-0.1963053,0.1028979,-0.09151338
1.319999,2.277456,-0.9739602,-0.01782869,0.06320093,1.689848,-2.315488,-0.09890747,-0.1521301,-0.09823769,-0.1981356,0.1028979,-0.09151338
1.339999,2.277126,-0.9727103,0.01596826,0.01689117,1.641377,-2.291626,-0.1009521,-0.1560974,-0.1014927,-0.1973744,-0.1627483,0.03806091
1.359999,2.277472,-0.9723877,0.04879581,-0.02894134,-5.407109,-2.266645,-0.1030273,-0.1600342,-0.1047476,-0.1966132,-0.1627483,0.03806091
1.379999,2.278475,-0.9729825,-0.05934637,-0.07427424,-5.455205,4.758739,-0.1051941,-0.1639404,-0.1080026,-0.195852,-0.1627483,0.03806091
1.399999,2.277314,-0.9744834,-0.1684505,0.02090054,1.497084,4.785211,-0.1074219,-0.1678467,-0.1112575,-0.1950907,-0.1627483,0.03806091
1.419999,2.273971,-0.9740804,-0.1385088,0.1166048,1.449359,-2.187601,-0.1097107,-0.1717224,-0.1145125,-0.1943295,-0.1627483,0.03806091
1.439999,2.271227,-0.9717652,-0.1095216,0.07285273,1.402007,-2.159637,-0.111969,-0.1755981,-0.1138769,-0.1938964,0.03177858,0.02165582
1.459999,2.269063,-0.970326,-0.08148146,0.02965998,1.354656,-2.132047,-0.1142273,-0.1794739,-0.1132414,-0.1934633,0.03177858,0.02165582
1.479999,2.267459,-0.969749,-0.05438836,-0.01298095,1.307304,-2.104456,-0.1164856,-0.1833496,-0.1126058,-0.1930302,0.03177858,0.02165582
1.499999,2.266397,-0.9700248,-0.02824228,-0.05507006,1.259951,4.923162,-0.1187439,-0.1871948,-0.1119702,-0.1925971,0.03177858,0.02165582
1.519999,2.265857,-0.9711441,-0.003043258,0.04339317,1.212972,4.950752,-0.1209717,-0.19104,-0.1113347,-0.1921639,0.03177858,0.02165582
1.539999,2.265822,-0.9702913,0.02121619,0.1424082,1.165993,-2.022057,-0.1231995,-0.1949158,-0.1114474,-0.1944931,-0.005637243,-0.1164584
1.559999,2.266272,-0.9674588,0.04453605,0.1019671,-5.881361,-1.994838,-0.1254272,-0.1988525,-0.1115601,-0.1968223,-0.005637243,-0.1164584
1.579999,2.267188,-0.9654358,-0.07309116,0.06207033,-5.929456,-1.967621,-0.127655,-0.2028503,-0.1116729,-0.1991515,-0.005637243,-0.1164584
1.599999,2.265752,-0.9642122,-0.1916803,0.02271791,1.0217,-1.940402,-0.1298828,-0.2068787,-0.1117856,-0.2014806,-0.005637243,-0.1164584
1.619999,2.261945,-0.963775,-0.1712463,-0.01609013,0.9724833,-1.913185,-0.1321411,-0.2109375,-0.1118984,-0.2038098,-0.005637243,-0.1164584
1.639999,2.258547,-0.9641147,-0.1517966,-0.05435382,0.9228941,5.114429,-0.1342468,-0.2150879,-0.1059079,-0.2076372,0.2995248,-0.1913708
1.659999,2.255538,-0.9652188,-0.1333387,0.04793476,0.8721862,5.140155,-0.1362305,-0.2193298,-0.09991737,-0.2114646,0.2995248,-0.1913708
1.679999,2.252898,-0.9642742,-0.115895,0.1507379,0.8203598,-1.835632,-0.1381226,-0.2236328,-0.09392687,-0.2152921,0.2995248,-0.1913708
1.699999,2.250608,-0.9612738,-0.09948783,0.1140252,0.7677875,-1.812515,-0.1398926,-0.2279968,-0.08793637,-0.2191195,0.2995248,-0.1913708
1.719999,2.248646,-0.9590071,-0.08413208,0.07777493,0.7144696,-1.79089,-0.14151,-0.2324829,-0.08194587,-0.2229469,0.2995248,-0.1913708
1.739999,2.246992,-0.9574627,-0.06984268,0.04195713,0.6596606,-1.771129,-0.143158,-0.2369995,-0.08190453,-0.2256742,0.002067005,-0.1363637
1.759999,2.245624,-0.9566349,-0.05664947,0.006534552,0.6044784,-1.750995,-0.1448059,-0.2415466,-0.08186319,-0.2284015,0.002067005,-0.1363637
1.779999,2.24452,-0.9565159,-0.0445599,-0.02848535,0.5489233,-1.730861,-0.1464539,-0.2461853,-0.08182184,-0.2311287,0.002067005,-0.1363637
1.799999,2.243658,-0.9570986,-0.03358144,-0.06310257,0.4922494,5.289291,-0.1480713,-0.2508545,-0.0817805,-0.233856,0.002067005,-0.1363637
1.819999,2.243016,-0.958373,-0.02373645,0.04268326,0.435203,5.309052,-0.1497192,-0.2555847,-0.08173916,-0.2365833,0.002067005,-0.1363637
1.839999,2.242571,-0.9575319,-0.01503239,0.1488643,0.3774108,-1.670832,-0.1513367,-0.260376,-0.08133654,-0.2390977,0.02013092,-0.1257238
1.859999,2.242301,-0.9545671,-0.007484175,0.1154477,0.3188734,-1.651071,-0.1529541,-0.2651978,-0.08093391,-0.2416122,0.02013092,-0.1257238
1.879999,2.242181,-0.9522716,-0.001106707,0.08242624,0.2599622,-1.63131,-0.1545715,-0.2700806,-0.08053129,-0.2441267,0.02013092,-0.1257238
1.899999,2.24219,-0.9506357,0.004092536,0.04980003,0.2003057,-1.611549,-0.1561584,-0.2750244,-0.08012867,-0.2466412,0.02013092,-0.1257238
1.919999,2.242303,-0.9496498,0.008098651,0.01756904,-6.860058,-1.592161,-0.1577759,-0.2799988,-0.07972605,-0.2491557,0.02013092,-0.1257238
1.939999,2.242496,-0.9493102,-0.1291025,-0.01427418,-6.92083,-1.5724,-0.1592407,-0.2849426,-0.07374336,-0.24662,0.2991345,0.1267852
1.959999,2.239945,-0.9496066,-0.2675191,-0.04572218,0.01872588,5.445511,-0.1605835,-0.2898254,-0.06776067,-0.2440843,0.2991345,0.1267852
1.979999,2.234625,-0.9505316,-0.2671446,0.06318805,-0.04093084,5.461916,-0.1618347,-0.2946472,-0.06177798,-0.2415486,0.2991345,0.1267852
1.999999,2.229311,-0.9492765,-0.2679632,0.1724264,-0.09984177,-1.522811,-0.1629333,-0.2994385,-0.05579529,-0.2390129,0.2991345,0.1267852
2.019999,2.223982,-0.9458358,-0.26996,0.1419701,-0.1583801,-1.509388,-0.1639404,-0.3041687,-0.0498126,-0.2364772,0.2991345,0.1267852
2.039999,2.218612,-0.9430048,-0.2731276,0.1117824,-0.2161723,-1.497084,-0.164856,-0.3088379,-0.04633352,-0.2341108,0.173954,0.1183185
2.059999,2.213178,-0.9407746,-0.2774511,0.08184069,-0.2732194,-1.485899,-0.1657104,-0.3134766,-0.04285444,-0.2317444,0.173954,0.1183185
2.079999,2.207658,-0.9391418,-0.2829154,0.05212272,-0.3298929,-1.475459,-0.1665039,-0.3180542,-0.03937536,-0.2293781,0.173954,0.1183185
2.099999,2.202028,-0.938105,-0.2895133,0.02261353,-0.3858212,-1.465765,-0.1672058,-0.3226013,-0.03589629,-0.2270117,0.173954,0.1183185
2.119999,2.196266,-0.9376569,-0.2972297,-0.006701762,-0.4413767,-1.457189,-0.1678467,-0.3270874,-0.03241721,-0.2246453,0.173954,0.1183185
2.139999,2.190349,-0.9377941,-0.3060572,-0.03584555,-0.4961866,5.551025,-0.168396,-0.331543,-0.02656549,-0.2228715,0.292586,0.08869283
2.159999,2.184255,-0.9385146,-0.315981,0.07517494,-0.5506234,5.557363,-0.1688232,-0.335968,-0.02071377,-0.2210976,0.292586,0.08869283
2.179999,2.177963,-0.937013,-0.3269934,0.1863222,-0.6046875,-1.437428,-0.1691284,-0.3403625,-0.01486205,-0.2193238,0.292586,0.08869283
2.199999,2.17145,-0.9332883,-0.3390872,0.1575736,-0.6583787,-1.4337,-0.1693115,-0.3447266,-0.009010328,-0.2175499,0.292586,0.08869283
2.219999,2.164695,-0.930137,-0.3522547,0.1288996,-0.711697,-1.431463,-0.1693726,-0.3490295,-0.003158608,-0.2157761,0.292586,0.08869283
2.239999,2.157676,-0.9275577,-0.3664887,0.1002704,-0.7642699,-1.430717,-0.1693726,-0.3531494,-0.001020544,-0.2057761,0.1069032,0.5
2.259999,2.150372,-0.9255515,-0.3817741,0.07165603,-0.8146054,-1.430717,-0.1693726,-0.3570557,0.00111752,-0.1957761,0.1069032,0.5
2.279999,2.14276,-0.9241172,-0.3980662,0.04304169,-0.8623311,-1.430717,-0.1693115,-0.3607788,0.003255584,-0.1857761,0.1069032,0.5
2.299999,2.134822,-0.9232548,-0.4153128,0.01442735,-0.9078198,-1.431463,-0.1691895,-0.3642883,0.005393648,-0.1757761,0.1069032,0.5
2.319999,2.126537,-0.9229644,-0.4334692,-0.01420191,-0.9506981,-1.432954,-0.1690369,-0.3676147,0.007531712,-0.1657761,0.1069032,0.5
2.339998,2.117888,-0.9232463,-0.4524832,-0.04286099,-0.9913394,5.565193,-0.1689453,-0.3707581,0.004247149,-0.15788,-0.1642281,0.3948053
2.359998,2.108858,-0.9241034,-0.47231,0.06844287,-1.029744,5.564075,-0.1689453,-0.3737793,0.000962587,-0.1499839,-0.1642281,0.3948053
2.379998,2.09943,-0.9227338,-0.4929049,0.1797244,-1.066656,-1.435937,-0.1689758,-0.3766174,-0.002321976,-0.1420877,-0.1642281,0.3948053
2.399998,2.08959,-0.919139,-0.514238,0.1510056,-1.101332,-1.435564,-0.1690674,-0.379303,-0.005606538,-0.1341916,-0.1642281,0.3948053
2.419998,2.079322,-0.9161187,-0.5362647,0.1222943,-1.134144,-1.434073,-0.1692505,-0.3818054,-0.008891101,-0.1262955,-0.1642281,0.3948053
2.439998,2.068612,-0.9136726,-0.5589475,0.09361287,-1.164718,-1.431836,-0.1694641,-0.3842163,-0.01020485,-0.1190093,-0.06568739,0.3643133
2.459998,2.057447,-0.9118,-0.5822418,0.06497616,-1.193801,-1.429599,-0.1697083,-0.3864441,-0.0115186,-0.111723,-0.06568739,0.3643133
2.479998,2.045816,-0.9105027,-0.6061178,0.03638419,-1.221392,-1.426615,-0.1699524,-0.3885193,-0.01283234,-0.1044367,-0.06568739,0.3643133
2.499998,2.033707,-0.9097767,-0.6305457,0.007851883,-1.246747,-1.423633,-0.1702271,-0.3904724,-0.01414609,-0.09715046,-0.06568739,0.3643133
2.519998,2.021108,-0.909622,-0.6554806,-0.02062077,-1.270609,-1.420277,-0.1705322,-0.3922729,-0.01545984,-0.08986419,-0.06568739,0.3643133
2.539998,2.008009,-0.9100365,-0.6808928,-0.04902631,-1.292608,5.583462,-0.1708069,-0.3938599,-0.01393647,-0.0798642,0.07616875,0.5
2.559998,1.994401,-0.9110198,-0.706745,0.06264292,-1.311996,5.58719,-0.1710815,-0.3952637,-0.01241309,-0.0698642,0.07616875,0.5
2.579998,1.980275,-0.9097698,-0.7329849,0.1743867,-1.329148,-1.409837,-0.1712952,-0.3964539,-0.01088972,-0.0598642,0.07616875,0.5
2.599998,1.965622,-0.9062846,-0.7595679,0.14619,-1.343689,-1.407227,-0.1714783,-0.3974609,-0.009366342,-0.0498642,0.07616875,0.5
2.619998,1.950437,-0.9033628,-0.7864416,0.1180454,-1.355994,-1.40499,-0.1716309,-0.3982544,-0.007842967,-0.0398642,0.07616875,0.5
2.639998,1.934713,-0.9010023,-0.8135615,0.08994564,-1.365688,-1.403126,-0.1717224,-0.3988647,-0.005107437,-0.03062997,0.1367765,0.4617119
2.659998,1.918446,-0.8992033,-0.8408753,0.06188312,-1.373145,-1.402007,-0.1717834,-0.399292,-0.002371906,-0.02139573,0.1367765,0.4617119
2.679998,1.901631,-0.8979642,-0.8683382,0.03384297,-1.378365,-1.401262,-0.1717529,-0.3995361,0.0003636246,-0.01216149,0.1367765,0.4617119
2.699998,1.884265,-0.897285,-0.8959055,0.005817734,-1.381348,-1.401635,-0.1716919,-0.3995972,0.003099155,-0.002927251,0.1367765,0.4617119
2.719998,1.866348,-0.8971663,-0.9235324,-0.02221496,-1.382094,-1.40238,-0.1715698,-0.3994751,0.005834686,0.006306988,0.1367765,0.4617119
2.739998,1.847876,-0.8976082,-0.9511743,-0.05026256,-1.380602,5.596511,-0.1713867,-0.399292,0.00979385,0.008390879,0.1979582,0.1041946
2.759998,1.828852,-0.8986105,-0.9787863,0.06166766,-1.378365,5.593901,-0.1711121,-0.3990784,0.01375301,0.01047477,0.1979582,0.1041946
2.779998,1.809275,-0.8973757,-1.006354,0.1735457,-1.375755,-1.409464,-0.1707458,-0.3988342,0.01771218,0.01255866,0.1979582,0.1041946
2.799998,1.789146,-0.8939005,-1.033869,0.1453564,-1.372772,-1.413939,-0.1703186,-0.3985596,0.02167134,0.01464256,0.1979582,0.1041946
2.819998,1.768467,-0.8909889,-1.061324,0.1170776,-1.369044,-1.419159,-0.1697998,-0.3982239,0.02563051,0.01672645,0.1979582,0.1041946
2.839998,1.747239,-0.8886434,-1.088705,0.08869445,-1.365315,-1.425124,-0.1694336,-0.3977051,0.01918046,0.02576195,-0.3225022,0.4517754
2.859998,1.725462,-0.8868674,-1.116011,0.06019197,-1.358977,-1.429971,-0.1691589,-0.3970032,0.01273042,0.03479746,-0.3225022,0.4517754
2.879998,1.703137,-0.8856606,-1.143191,0.03159254,-1.350401,-1.433327,-0.1690369,-0.3961182,0.006280376,0.04383297,-0.3225022,0.4517754
2.899998,1.680268,-0.8850268,-1.170199,0.002925999,-1.339588,-1.434818,-0.1690369,-0.39505,-0.0001696675,0.05286848,-0.3225022,0.4517754
2.919998,1.656857,-0.884969,-1.196991,-0.02577037,-1.326538,-1.434818,-0.1691589,-0.3938293,-0.006619711,0.06190399,-0.3225022,0.4517754
2.939998,1.63291,-0.8854846,-1.223521,-0.05446674,-1.311624,5.566684,-0.1693115,-0.3924255,-0.006746554,0.06956945,-0.006342173,0.3832728
2.959998,1.608431,-0.8865743,-1.249754,0.05686695,-1.294472,5.568549,-0.1694336,-0.3908997,-0.006873398,0.0772349,-0.006342173,0.3832728
2.979998,1.583426,-0.8854374,-1.275643,0.1682379,-1.275456,-1.429599,-0.1695862,-0.3891907,-0.007000241,0.08490036,-0.006342173,0.3832728
2.999998,1.557903,-0.8820719,-1.301152,0.1396459,-1.254949,-1.428107,-0.1697388,-0.3873291,-0.007127084,0.09256581,-0.006342173,0.3832728
3.019998,1.531869,-0.8792797,-1.326251,0.1110838,-1.232205,-1.426243,-0.1698608,-0.3853149,-0.007253928,0.1002313,-0.006342173,0.3832728
3.039998,1.505331,-0.8770611,-1.350896,0.08255895,-1.207596,-1.424379,-0.1700745,-0.3832397,-0.009461856,0.104647,-0.1103964,0.2207883
3.059998,1.478301,-0.8754124,-1.375047,0.05407138,-1.182242,-1.422141,-0.1703186,-0.3810425,-0.01166978,0.1090628,-0.1103964,0.2207883
3.079998,1.450786,-0.8743336,-1.398692,0.02562855,-1.155397,-1.419159,-0.1705933,-0.3787842,-0.01387771,0.1134786,-0.1103964,0.2207883
3.099998,1.422799,-0.8738222,-1.4218,-0.00275462,-1.127805,-1.415803,-0.1708984,-0.3764343,-0.01608564,0.1178943,-0.1103964,0.2207883
3.119998,1.394348,-0.87388,-1.444356,-0.03107068,-1.099095,5.587936,-0.1712646,-0.3739624,-0.01829357,0.1223101,-0.1103964,0.2207883
3.139998,1.365446,-0.8745053,-1.466338,0.08068804,-1.068894,5.59241,-0.1716919,-0.3713684,-0.02063319,0.1296381,-0.1169813,0.3663999
3.159998,1.336103,-0.872894,-1.487716,0.1925362,-1.037201,-1.40238,-0.1721497,-0.3686523,-0.02297282,0.1369661,-0.1169813,0.3663999
3.179998,1.306333,-0.8690473,-1.50846,0.1644886,-1.004017,-1.396788,-0.1726379,-0.3657532,-0.02531244,0.1442941,-0.1169813,0.3663999
3.199998,1.276146,-0.8657615,-1.52854,0.1365529,-0.9685952,-1.390822,-0.1731873,-0.3627319,-0.02765207,0.1516221,-0.1169813,0.3663999
3.219998,1.245556,-0.8630345,-1.547912,0.1087364,-0.9316823,-1.383738,-0.1737976,-0.3595581,-0.02999169,0.1589501,-0.1169813,0.3663999
3.239998,1.214579,-0.8608641,-1.566546,0.08106168,-0.8929053,-1.376654,-0.174469,-0.3562317,-0.03405688,0.1663237,-0.2032591,0.36868
3.259998,1.183228,-0.8592482,-1.584404,0.0535286,-0.852264,-1.368451,-0.1752319,-0.3527527,-0.03812206,0.1736973,-0.2032591,0.36868
3.279998,1.151518,-0.8581831,-1.601449,0.02615958,-0.8097582,-1.35913,-0.1760864,-0.3491211,-0.04218724,0.1810709,-0.2032591,0.36868
3.299998,1.119467,-0.8576661,-1.617644,-0.00102301,-0.7653883,-1.34869,-0.177002,-0.3453369,-0.04625242,0.1884445,-0.2032591,0.36868
3.319998,1.087091,-0.8576932,-1.632952,-0.02799681,-0.7191542,5.662504,-0.178009,-0.3414307,-0.0503176,0.1958181,-0.2032591,0.36868
3.339998,1.054409,-0.8582619,-1.647335,0.08525326,-0.6714287,5.674808,-0.1790466,-0.3374023,-0.05125652,0.2019255,-0.04694569,0.3053713
3.359998,1.021438,-0.8565661,-1.660764,0.1987494,-0.622212,-1.312523,-0.1800842,-0.333252,-0.05219543,0.208033,-0.04694569,0.3053713
3.379997,0.9881971,-0.8525993,-1.673208,0.1724989,-0.5715033,-1.299847,-0.1811523,-0.328949,-0.05313435,0.2141404,-0.04694569,0.3053713
3.399997,0.9547069,-0.8491578,-1.684638,0.146502,-0.5189308,-1.286797,-0.182251,-0.3245544,-0.05407326,0.2202478,-0.04694569,0.3053713
3.419997,0.9209877,-0.8462377,-1.695017,0.1207661,-0.4652395,-1.273374,-0.1833496,-0.3200073,-0.05501218,0.2263552,-0.04694569,0.3053713
3.439997,0.88706,-0.8438312,-1.704322,0.0952986,-0.4096841,-1.259951,-0.1846008,-0.3153076,-0.06301472,0.2356382,-0.4001271,0.4641478
3.459997,0.8529453,-0.8419352,-1.712515,0.07009958,-0.3522645,-1.244665,-0.1860046,-0.3103943,-0.07101727,0.2449211,-0.4001271,0.4641478
3.479997,0.8186656,-0.8405437,-1.719561,0.04520628,-0.2922348,-1.227514,-0.1875916,-0.3053284,-0.07901981,0.2542041,-0.4001271,0.4641478
3.499997,0.7842441,-0.8396522,-1.725405,0.02065601,-0.230341,-1.208125,-0.1893311,-0.3000488,-0.08702235,0.263487,-0.4001271,0.4641478
3.519997,0.7497045,-0.8392542,-1.730012,-0.003506499,-0.1658369,-1.186873,-0.1912231,-0.2946167,-0.09502489,0.27277,-0.4001271,0.4641478
3.539997,0.7150719,-0.8393394,-1.733329,-0.02724395,-0.09946886,5.836247,-0.1932373,-0.2890625,-0.1005865,0.2768932,-0.2780804,0.2061589
3.559997,0.6803722,-0.8398988,-1.735318,0.08948099,-0.03160955,5.860854,-0.1953735,-0.2834473,-0.1061481,0.2810163,-0.2780804,0.2061589
3.579997,0.6456326,-0.8381261,-1.73595,0.2066981,0.03699555,-1.113048,-0.1976013,-0.2777405,-0.1117097,0.2851395,-0.2780804,0.2061589
3.599997,0.61088,-0.8340113,-1.73521,0.1844371,0.1067197,-1.08583,-0.1999512,-0.2719421,-0.1172713,0.2892627,-0.2780804,0.2061589
3.619997,0.5761417,-0.8303404,-1.733076,0.1627205,0.1775616,-1.057121,-0.2023926,-0.2660828,-0.1228329,0.2933859,-0.2780804,0.2061589
3.639997,0.5414458,-0.8271053,-1.729525,0.1415781,0.2491493,-1.02692,-0.204834,-0.2601624,-0.1215027,0.2960491,0.06650907,0.1331626
3.659997,0.5068207,-0.824293,-1.724542,0.1210397,0.3214831,-0.9974642,-0.2072449,-0.2541809,-0.1201726,0.2987124,0.06650907,0.1331626
3.679997,0.4722952,-0.82189,-1.718112,0.1010904,0.3945624,-0.9680089,-0.2096252,-0.2481689,-0.1188424,0.3013757,0.06650907,0.1331626
3.699997,0.4378981,-0.8198871,-1.710221,0.08173025,0.4680143,-0.9389267,-0.2119751,-0.2420654,-0.1175122,0.3040389,0.06650907,0.1331626
3.719997,0.4036584,-0.8182707,-1.700861,0.06295171,0.5425849,-0.910217,-0.2142944,-0.2359314,-0.116182,0.3067022,0.06650907,0.1331626
3.739997,0.369606,-0.8170297,-1.690009,0.04474737,0.6175284,-0.8818805,-0.2166748,-0.2296753,-0.1197487,0.3135044,-0.1783368,0.3401106
3.759997,0.33577,-0.8161532,-1.677658,0.02710977,0.6939628,-0.852798,-0.2191467,-0.2232666,-0.1233155,0.3203066,-0.1783368,0.3401106
3.779997,0.3021802,-0.8156299,-1.663779,0.01005381,0.772262,-0.822597,-0.2217102,-0.2167358,-0.1268822,0.3271088,-0.1783368,0.3401106
3.799997,0.2688675,-0.8154501,-1.648334,-0.006398133,0.8520523,-0.7912773,-0.2243042,-0.2100525,-0.130449,0.333911,-0.1783368,0.3401106
3.819997,0.2358629,-0.8155994,-1.631293,-0.02222368,0.9337066,6.240403,-0.2269897,-0.2032471,-0.1340157,0.3407132,-0.1783368,0.3401106
3.839997,0.2031987,-0.8160665,-1.612618,0.1025844,1.016852,6.273213,-0.2297058,-0.1963501,-0.1361505,0.3451458,-0.1067385,0.2216327
3.859997,0.1709075,-0.8140374,-1.592281,0.2280486,1.101117,-0.6935903,-0.2324829,-0.1893311,-0.1382852,0.3495785,-0.1067385,0.2216327
3.879997,0.1390226,-0.8094987,-1.570259,0.2141768,1.186873,-0.6596606,-0.2352905,-0.182251,-0.14042,0.3540111,-0.1067385,0.2216327
3.899997,0.107578,-0.8052364,-1.546522,0.2009836,1.273374,-0.6253583,-0.2381592,-0.1751099,-0.1425548,0.3584438,-0.1067385,0.2216327
3.919997,0.076608,-0.8012371,-1.521054,0.1884765,1.360621,-0.59031,-0.2410583,-0.1678467,-0.1446895,0.3628764,-0.1067385,0.2216327
3.939997,0.04614685,-0.7974893,-1.493842,0.1766703,1.449359,-0.554889,-0.243988,-0.1605835,-0.1474811,0.3635061,-0.1395802,0.03148667
3.959997,0.01622996,-0.7939771,-1.464854,0.1655725,1.538471,-0.5190949,-0.2470093,-0.1532898,-0.1502727,0.3641359,-0.1395802,0.03148667
3.979997,-0.01310682,-0.7906894,-1.434085,0.1551906,1.627209,-0.4821827,-0.250061,-0.1459961,-0.1530643,0.3647656,-0.1395802,0.03148667
3.999997,-0.04182818,-0.7876086,-1.401541,0.1455469,1.71632,-0.4448972,-0.2531738,-0.1386719,-0.1558559,0.3653953,-0.1395802,0.03148667
4.019997,-0.06989863,-0.7847227,-1.367214,0.136649,1.805804,-0.4068663,-0.2563477,-0.1313782,-0.1586475,0.366025,-0.1395802,0.03148667
4.039997,-0.09728217,-0.7820147,-1.331098,0.1285117,1.894915,-0.3680898,-0.259613,-0.1239929,-0.1633477,0.3693342,-0.235007,0.1654561
4.059997,-0.1239437,-0.779469,-1.2932,0.1211499,1.985144,-0.3281944,-0.26297,-0.1165161,-0.1680478,0.3726433,-0.235007,0.1654561
4.079997,-0.1498475,-0.7770718,-1.253497,0.114586,2.076492,-0.2871805,-0.266449,-0.1090088,-0.172748,0.3759524,-0.235007,0.1654561
4.099997,-0.1749572,-0.7748058,-1.211967,0.1088424,2.168213,-0.2446754,-0.269989,-0.1014099,-0.1774481,0.3792616,-0.235007,0.1654561
4.119997,-0.1992365,-0.7726548,-1.168603,0.1039488,2.261052,-0.2014245,-0.2736511,-0.09378052,-0.1821482,0.3825707,-0.235007,0.1654561
4.139997,-0.2226485,-0.7706033,-1.123382,0.09992035,2.354264,-0.1566819,-0.2772217,-0.08618164,-0.1787597,0.3784845,0.1694288,-0.2043063
4.159997,-0.2451557,-0.7686307,-1.076297,0.09678672,2.447103,-0.1130577,-0.2807312,-0.07870483,-0.1753711,0.3743984,0.1694288,-0.2043063
4.179997,-0.2667202,-0.7667202,-1.027354,0.09452556,2.538451,-0.07017972,-0.2841492,-0.07131958,-0.1719825,0.3703123,0.1694288,-0.2043063
4.199997,-0.2873054,-0.7648545,-0.9765854,0.09312197,2.629053,-0.02842039,-0.2875366,-0.06396484,-0.168594,0.3662261,0.1694288,-0.2043063
4.219997,-0.3068745,-0.7630174,-0.9240044,0.09255356,2.718536,0.01296667,-0.2908325,-0.05673218,-0.1652054,0.36214,0.1694288,-0.2043063
4.239997,-0.3253913,-0.7611915,-0.8696337,0.0928129,2.806901,0.05323503,-0.2941284,-0.04953003,-0.1654158,0.3604005,-0.01051948,-0.08697526
4.259997,-0.3428203,-0.7593606,-0.8134956,0.0938776,2.894892,0.09350307,-0.2974548,-0.0423584,-0.1656262,0.358661,-0.01051948,-0.08697526
4.279997,-0.3591262,-0.7575078,-0.7555978,0.09574766,2.982511,0.1341443,-0.3007813,-0.03521729,-0.1658366,0.3569215,-0.01051948,-0.08697526
4.299997,-0.3742737,-0.7556176,-0.6959475,0.09843054,3.069757,0.1747856,-0.3041077,-0.02810669,-0.1660469,0.355182,-0.01051948,-0.08697526
4.319997,-0.3882279,-0.7536729,-0.6345524,0.1019263,3.156631,0.2154265,-0.3074341,-0.02102661,-0.1662573,0.3534425,-0.01051948,-0.08697526
4.339997,-0.4009539,-0.75166,-0.5714198,0.1062348,3.243131,0.2560678,-0.3106995,-0.01394653,-0.1641337,0.3549309,0.1061795,0.07441973
4.359997,-0.412417,-0.749562,-0.5065572,0.1113561,3.329631,0.2959635,-0.3139343,-0.00680542,-0.1620101,0.3564193,0.1061795,0.07441973
4.379997,-0.4225829,-0.7473596,-0.4399646,0.1172754,3.416876,0.3354861,-0.3171387,0.0003435991,-0.1598866,0.3579077,0.1061795,0.07441973
4.399997,-0.4314168,-0.7450382,-0.371627,0.1239851,3.504214,0.3746358,-0.3203125,0.007532031,-0.157763,0.359396,0.1061795,0.07441973
4.419997,-0.4388839,-0.7425823,-0.3015428,0.1314778,3.592037,0.4134125,-0.3233948,0.01475266,-0.1556394,0.3608844,0.1061795,0.07441973
4.439997,-0.4449493,-0.7399749,-0.229702,0.1397461,3.680252,0.4510712,-0.3264771,0.02193037,-0.1528177,0.3590011,0.1410844,-0.09416823
4.459997,-0.4495774,-0.7372013,-0.156097,0.1487675,3.767944,0.4887292,-0.3294678,0.0290759,-0.149996,0.3571177,0.1410844,-0.09416823
4.479997,-0.4527331,-0.7342481,-0.08073811,0.1585421,3.855241,0.5252692,-0.3323975,0.03617852,-0.1471743,0.3552344,0.1410844,-0.09416823
4.499997,-0.4543812,-0.7310984,-0.003633288,0.1690475,3.942015,0.5610633,-0.3352966,0.04324895,-0.1443526,0.353351,0.1410844,-0.09416823
4.519997,-0.4544869,-0.7277375,0.07520701,0.1802687,4.028395,0.5964846,-0.3381348,0.05027647,-0.1415309,0.3514676,0.1410844,-0.09416823
4.539997,-0.4530154,-0.7241523,0.1557749,0.1921984,-2.885788,0.63116,-0.3408813,0.05730399,-0.1377489,0.3513659,0.1891033,-0.005085568
4.559997,-0.4499324,-0.7203292,0.09805915,0.2048216,-2.799932,0.6647174,-0.3435669,0.06433151,-0.1339668,0.3512642,0.1891033,-0.005085568
4.579997,-0.4480035,-0.7162536,0.04206052,0.218116,-2.714075,0.6975287,-0.3461609,0.07135905,-0.1301848,0.3511625,0.1891033,-0.005085568
4.599997,-0.4471944,-0.7119108,-0.01222097,0.2320666,-2.628218,0.7292216,-0.3486938,0.07837586,-0.1264027,0.3510608,0.1891033,-0.005085568
4.619997,-0.4474707,-0.7072895,-0.06478533,0.246651,4.457543,0.7601686,-0.3511658,0.08539268,-0.1226206,0.3509591,0.1891033,-0.005085568
4.639997,-0.4487982,-0.7023751,0.02436552,0.2618544,4.543268,0.7903699,-0.3535461,0.0924095,-0.1192793,0.3509244,0.1670672,-0.001732945
4.659997,-0.4483425,-0.6971542,0.1152309,0.2776618,-2.371041,0.8194525,-0.3558655,0.09942631,-0.1159379,0.3508897,0.1670672,-0.001732945
4.679996,-0.4460693,-0.6916177,0.06781007,0.2940508,-2.285315,0.8477898,-0.3581238,0.1064431,-0.1125966,0.3508551,0.1670672,-0.001732945
4.699996,-0.4447443,-0.6857549,0.02210378,0.3110066,-2.199589,0.8753811,-0.3602905,0.1134599,-0.1092552,0.3508204,0.1670672,-0.001732945
4.719996,-0.4443334,-0.6795523,-0.021888,0.3285142,-2.113863,0.901854,-0.3624268,0.1204767,-0.1059139,0.3507858,0.1670672,-0.001732945
4.739996,-0.4448021,-0.6729993,-0.06416524,0.3465513,4.97189,0.927954,-0.3644714,0.1274507,-0.1022962,0.3486645,0.1808829,-0.1060634
4.759996,-0.4461161,-0.6660825,0.03527255,0.3651104,5.057089,0.9529352,-0.3664551,0.1343817,-0.09867857,0.3465432,0.1808829,-0.1060634
4.779996,-0.445441,-0.6587946,0.1364143,0.3841691,-1.858257,0.9771707,-0.3683472,0.1412698,-0.09506091,0.344422,0.1808829,-0.1060634
4.799996,-0.4427428,-0.6511264,0.09924919,0.4037125,-1.774104,1.000288,-0.3701782,0.1481149,-0.09144326,0.3423007,0.1808829,-0.1060634
4.819996,-0.4407875,-0.6430653,0.06376711,0.4237182,-1.690475,1.022659,-0.3719177,0.1549172,-0.0878256,0.3401794,0.1808829,-0.1060634
4.839996,-0.4395416,-0.6346037,0.02995761,0.4441714,-1.60737,1.043912,-0.3736572,0.1615371,-0.08645386,0.3311452,0.06858659,-0.4517097
4.859996,-0.438971,-0.6257326,-0.002189792,0.4650497,-1.526494,1.065165,-0.3753662,0.1679745,-0.08508213,0.322111,0.06858659,-0.4517097
4.879996,-0.4390424,-0.6164448,-0.03271967,0.486353,5.552166,1.086045,-0.3770447,0.1742403,-0.08371039,0.3130769,0.06858659,-0.4517097
4.899996,-0.4397236,-0.6067289,0.07832364,0.5080739,5.628714,1.106552,-0.3786621,0.1803238,-0.08233866,0.3040427,0.06858659,-0.4517097
4.919996,-0.438183,-0.596579,0.1908979,0.5302049,-1.296973,1.126313,-0.3802795,0.1862248,-0.08096693,0.2950085,0.06858659,-0.4517097
4.939996,-0.4343901,-0.5859879,0.1649585,0.5527312,-1.224878,1.146075,-0.3818359,0.1921044,-0.07674777,0.2937226,0.2109581,-0.06429237
4.959996,-0.4311158,-0.5749462,0.1404609,0.5756527,-1.153046,1.165091,-0.3832703,0.1979517,-0.07252861,0.2924368,0.2109581,-0.06429237
4.979996,-0.4283312,-0.5634444,0.1174,0.5989545,-1.081608,1.182615,-0.3846436,0.2037777,-0.06830945,0.2911509,0.2109581,-0.06429237
4.999996,-0.4260077,-0.5514753,0.09576781,0.6226068,-1.010431,1.199393,-0.3859253,0.2095714,-0.06409029,0.2898651,0.2109581,-0.06429237
5.019996,-0.4241165,-0.5390335,0.07555919,0.6465947,-0.9396474,1.215054,-0.3871155,0.2153437,-0.05987113,0.2885792,0.2109581,-0.06429237
5.039996,-0.4226294,-0.5261121,0.05676624,0.6708958,-0.869126,1.229595,-0.3881226,0.2210194,-0.0507661,0.283726,0.4552514,-0.2426591
5.059996,-0.4215177,-0.5127013,0.03938372,0.6954877,-0.7997842,1.241899,-0.3889771,0.2265985,-0.04166108,0.2788728,0.4552514,-0.2426591
5.079996,-0.4207532,-0.4987983,0.02338804,0.7203256,-0.7316219,1.252339,-0.3896179,0.2320811,-0.03255605,0.2740197,0.4552514,-0.2426591
5.099996,-0.4203082,-0.4843981,0.008755605,0.7453724,-0.66464,1.26017,-0.3901062,0.2374671,-0.02345102,0.2691665,0.4552514,-0.2426591
5.119996,-0.4201553,-0.4694941,-0.004537195,0.7705758,-0.5988373,1.266135,-0.3903809,0.2427566,-0.01434599,0.2643133,0.4552514,-0.2426591
5.139996,-0.4202679,-0.4540832,-0.01651394,0.7958985,6.465765,1.269491,-0.3904724,0.2478851,-0.004962693,0.256673,0.4691651,-0.382014
5.159996,-0.4206193,-0.4381662,0.1128014,0.8212883,6.528419,1.270609,-0.3904114,0.2528634,0.004420608,0.2490327,0.4691651,-0.382014
5.179996,-0.4183838,-0.4217389,0.2433697,0.8467005,-0.4107351,1.269864,-0.3901062,0.2576915,0.01380391,0.2413924,0.4691651,-0.382014
5.199996,-0.4135363,-0.4048012,0.235155,0.8720978,-0.3517483,1.266135,-0.3896484,0.2623693,0.02318721,0.2337521,0.4691651,-0.382014
5.219996,-0.4088524,-0.3873549,0.2281201,0.8974205,-0.2945972,1.260542,-0.3890076,0.266897,0.03257051,0.2261119,0.4691651,-0.382014
5.239996,-0.4043086,-0.3694026,0.2222281,0.9226313,-0.2392804,1.252712,-0.3882446,0.2713281,0.0382838,0.2217233,0.2856646,-0.2194278
5.259996,-0.3998824,-0.3509435,0.2174425,0.9476855,-0.1851435,1.243391,-0.3873596,0.2756734,0.04399709,0.2173347,0.2856646,-0.2194278
5.279996,-0.3955515,-0.331982,0.2137396,0.9725534,-0.1320559,1.232578,-0.3863525,0.2799328,0.04971039,0.2129462,0.2856646,-0.2194278
5.299996,-0.3912943,-0.3125224,0.2110985,0.997205,-0.08001602,1.220273,-0.3852539,0.2841064,0.05542368,0.2085576,0.2856646,-0.2194278
5.319996,-0.3870896,-0.2925694,0.2094982,1.02161,-0.02902538,1.206851,-0.3840332,0.2881942,0.06113697,0.2041691,0.2856646,-0.2194278
5.339996,-0.3829166,-0.2721272,0.2089177,1.045747,0.0209163,1.191937,-0.3826904,0.2921102,0.06715483,0.1959225,0.3008933,-0.4123291
5.359996,-0.3787546,-0.251202,0.209336,1.069586,0.06876138,1.175531,-0.3812256,0.2958654,0.0731727,0.1876759,0.3008933,-0.4123291
5.379996,-0.3745835,-0.2297982,0.2107113,1.093097,0.1146399,1.157634,-0.3796387,0.2994488,0.07919056,0.1794293,0.3008933,-0.4123291
5.399996,-0.3703843,-0.2079221,0.2130041,1.116249,0.1584215,1.138245,-0.3779297,0.3028713,0.08520842,0.1711827,0.3008933,-0.4123291
5.419996,-0.3661385,-0.1855837,0.2161725,1.139014,0.2002359,1.117365,-0.3761292,0.3061328,0.09122629,0.1629362,0.3008933,-0.4123291
5.439996,-0.3618288,-0.1627897,0.2201772,1.161362,0.2400848,1.095367,-0.3740845,0.309212,0.1012263,0.1539227,0.5,-0.4506713
5.459996,-0.3574383,-0.1395475,0.2249789,1.183269,0.2777053,1.070385,-0.3718567,0.3121087,0.1112263,0.1449093,0.5,-0.4506713
5.479996,-0.352951,-0.115866,0.230533,1.204677,0.3130969,1.043166,-0.3694458,0.3148231,0.1212263,0.1358959,0.5,-0.4506713
5.499996,-0.3483519,-0.0917535,0.2367949,1.22554,0.3462608,1.013711,-0.3668213,0.3173658,0.1312263,0.1268824,0.5,-0.4506713
5.519996,-0.3436269,-0.06722247,0.2437202,1.245814,0.3773272,0.9816452,-0.3639832,0.3197261,0.1412263,0.117869,0.5,-0.4506713
5.539996,-0.3387626,-0.0422852,0.2512667,1.265447,0.4061653,0.9469697,-0.3609924,0.3219684,0.1501294,0.1119935,0.4451555,-0.2937763
5.559996,-0.333747,-0.01695452,0.25939,1.284387,0.4335613,0.9104298,-0.3578186,0.3240926,0.1590325,0.1061179,0.4451555,-0.2937763
5.579996,-0.3285684,0.00875755,0.2680613,1.302595,0.4595149,0.8716524,-0.3544617,0.3260988,0.1679356,0.1002424,0.4451555,-0.2937763
5.599996,-0.3232159,0.03483494,0.2772515,1.320028,0.4840278,0.8306382,-0.3509216,0.327987,0.1768388,0.09436689,0.4451555,-0.2937763
5.619996,-0.3176792,0.06126152,0.2869321,1.336641,0.5070986,0.787387,-0.3471985,0.3297571,0.1857419,0.08849137,0.4451555,-0.2937763
5.639996,-0.3119484,0.08802296,0.2970741,1.352389,0.5287273,0.7418983,-0.3432922,0.3315488,0.1957419,0.08953632,0.5,0.05224749
5.659996,-0.3060149,0.1151014,0.3076486,1.367227,0.5506181,0.6941729,-0.3391724,0.3333618,0.2057419,0.09058127,0.5,0.05224749
5.679996,-0.29987,0.1424769,0.318661,1.38111,0.5727713,0.6438375,-0.3348389,0.3351964,0.2157419,0.09162622,0.5,0.05224749
5.699996,-0.2935051,0.1701314,0.3301164,1.393987,0.5951859,0.5912649,-0.3303223,0.3370523,0.2257419,0.09267117,0.5,0.05224749
5.719995,-0.2869112,0.1980448,0.3420202,1.405812,0.6178633,0.536082,-0.3256226,0.3389297,0.2357419,0.09371612,0.5,0.05224749
5.739995,-0.2800794,0.2261973,0.3543774,1.416534,0.640803,0.4782892,-0.3207092,0.3407106,0.2457419,0.08908791,0.5,-0.2314107
5.759995,-0.2730001,0.2545648,0.3671935,1.4261,0.6625625,0.4182599,-0.3155823,0.3423948,0.2557419,0.0844597,0.5,-0.2314107
5.779995,-0.2656641,0.2831254,0.3804447,1.434465,0.6831425,0.3559932,-0.3102722,0.3439933,0.2657419,0.07983149,0.5,-0.2314107
5.799995,-0.2580628,0.3118536,0.3941076,1.441585,0.7026731,0.2911161,-0.3047791,0.3454951,0.2757419,0.07520328,0.5,-0.2314107
5.819995,-0.2501878,0.3407275,0.408161,1.447407,0.7210249,0.2236294,-0.2990417,0.3469112,0.2857419,0.07057507,0.5,-0.2314107
5.839995,-0.2420314,0.3697195,0.4225816,1.45188,0.738328,0.153533,-0.2932434,0.348177,0.2896764,0.06348043,0.1967288,-0.3547317
5.859995,-0.2335859,0.3987991,0.4373481,1.45495,0.7537957,0.08306339,-0.287384,0.3493033,0.293611,0.0563858,0.1967288,-0.3547317
5.879995,-0.2248445,0.4279433,0.452424,1.456612,0.7675595,0.01110248,-0.2814331,0.3502902,0.2975456,0.04929116,0.1967288,-0.3547317
5.899995,-0.2158009,0.4571209,0.4677752,1.456834,0.7796189,-0.06160391,-0.2753906,0.3511376,0.3014801,0.04219653,0.1967288,-0.3547317
5.919995,-0.2064496,0.486303,0.4833676,1.455602,0.7899745,-0.1350564,-0.2692871,0.3518348,0.3054147,0.0351019,0.1967288,-0.3547317
5.939995,-0.1967858,0.5154625,0.4991671,1.452901,0.7984946,-0.2096274,-0.2630615,0.3523603,0.3115105,0.02625967,0.3047904,-0.4421116
5.959995,-0.1868052,0.5445693,0.515137,1.448708,0.8049177,-0.2860618,-0.2567139,0.3527034,0.3176063,0.01741743,0.3047904,-0.4421116
5.979995,-0.1765043,0.5735915,0.5312353,1.442987,0.8091125,-0.3636156,-0.2502441,0.3528749,0.3237021,0.008575204,0.3047904,-0.4421116
5.999995,-0.1658804,0.6025006,0.5474176,1.435714,0.8112098,-0.4426601,-0.2436523,0.3528747,0.3297979,-0.000267027,0.3047904,-0.4421116
6.019995,-0.1549321,0.6312652,0.5636418,1.426861,0.8112098,-0.5231962,-0.2369385,0.3526922,0.3358937,-0.009109258,0.3047904,-0.4421116
6.039995,-0.1436583,0.6598544,0.579866,1.416397,0.8089815,-0.6052242,-0.2301636,0.352531,0.3392556,-0.007805018,0.1680952,0.06521197
6.059995,-0.1320601,0.6882348,0.5960456,1.404293,0.8070152,-0.6879973,-0.2232971,0.3524021,0.3426175,-0.006500779,0.1680952,0.06521197
6.079995,-0.1201385,0.7163739,0.6121859,1.390533,0.8054425,-0.7718891,-0.2163696,0.3522946,0.3459794,-0.005196539,0.1680952,0.06521197
6.099995,-0.1078942,0.7442368,0.6282948,1.375095,0.8041314,-0.8565264,-0.2093811,0.3522194,0.3493413,-0.0038923,0.1680952,0.06521197
6.119995,-0.09532785,0.7717906,0.6443774,1.357965,0.8032139,-0.9419094,-0.2023315,0.3521656,0.3527032,-0.00258806,0.1680952,0.06521197
6.139995,-0.08244,0.7990026,0.6604417,1.339126,0.802558,-1.028038,-0.1951599,0.3521011,0.3593413,-0.003365738,0.3319045,-0.03888389
6.159995,-0.06923079,0.8258387,0.6764929,1.318566,0.8017715,-1.115658,-0.1878357,0.3520151,0.3659794,-0.004143415,0.3319045,-0.03888389
6.179995,-0.05570043,0.8522663,0.6925283,1.296253,0.8007232,-1.205142,-0.1803894,0.3519184,0.3726175,-0.004921093,0.3319045,-0.03888389
6.199995,-0.0418493,0.8782482,0.7085428,1.27215,0.7995432,-1.296118,-0.1727905,0.3518003,0.3792555,-0.005698771,0.3319045,-0.03888389
6.219995,-0.02767774,0.9037496,0.7245336,1.246227,0.7981018,-1.388958,-0.1650696,0.3516714,0.3858936,-0.006476448,0.3319045,-0.03888389
6.239995,-0.0131863,0.9287319,0.7404957,1.218448,0.7965287,-1.483289,-0.1572266,0.3514352,0.3923573,-0.01202665,0.3231819,-0.2775102
6.259995,0.001625053,0.9531597,0.7564263,1.188782,0.7936448,-1.579111,-0.1492615,0.3510811,0.3988209,-0.01757685,0.3231819,-0.2775102
6.279995,0.01675576,0.9769967,0.7722992,1.1572,0.7893193,-1.676425,-0.1411438,0.3506196,0.4052846,-0.02312706,0.3231819,-0.2775102
6.299995,0.03220461,1.000202,0.7880856,1.123672,0.7836828,-1.775603,-0.1329041,0.3500509,0.4117482,-0.02867726,0.3231819,-0.2775102
6.319995,0.04796991,1.022739,0.8037592,1.08816,0.7767358,-1.876272,-0.1245422,0.3493641,0.4182118,-0.03422746,0.3231819,-0.2775102
6.339995,0.06404947,1.044565,0.8192939,1.050634,0.7683467,-1.978433,-0.1161804,0.3485593,0.4191391,-0.04024748,0.04636243,-0.3010008
6.359995,0.08044054,1.065642,0.8346608,1.011066,0.758515,-2.080594,-0.1077576,0.3476366,0.4200663,-0.0462675,0.04636243,-0.3010008
6.379995,0.0971398,1.085927,0.8498311,0.9694538,0.7472425,-2.1835,-0.09933472,0.3465958,0.4209936,-0.05228752,0.04636243,-0.3010008
6.399995,0.1141433,1.10538,0.864776,0.9257838,0.7345276,-2.286406,-0.09091187,0.3454263,0.4219208,-0.05830753,0.04636243,-0.3010008
6.419995,0.1314467,1.123961,0.8794665,0.8800556,0.7202396,-2.389312,-0.0824585,0.3441387,0.422848,-0.06432755,0.04636243,-0.3010008
6.439995,0.1490447,1.141628,0.8938713,0.8322694,0.7045096,-2.492591,-0.07397461,0.3427009,0.42443,-0.07208683,0.07910001,-0.3879645
6.459995,0.166932,1.158338,0.9079615,0.7824175,0.6869446,-2.596242,-0.06542969,0.3411022,0.426012,-0.07984612,0.07910001,-0.3879645
6.479995,0.1851023,1.174051,0.9217004,0.7304927,0.6674135,-2.700639,-0.05688477,0.3393533,0.427594,-0.08760541,0.07910001,-0.3879645
6.499995,0.2035486,1.188726,0.9350486,0.6764799,0.6460468,-2.805037,-0.04830933,0.3374436,0.429176,-0.0953647,0.07910001,-0.3879645
6.519995,0.2222631,1.202322,0.9479696,0.6203792,0.6227143,-2.909806,-0.03970337,0.3353837,0.430758,-0.103124,0.07910001,-0.3879645
6.539995,0.2412373,1.214794,0.9604238,0.5621831,0.5975466,-3.014949,-0.03097534,0.3331199,0.435441,-0.113124,0.2341492,-0.5
6.559995,0.2604622,1.226105,0.9723747,0.5018841,0.5698882,-3.121583,-0.02218628,0.3306522,0.440124,-0.123124,0.2341492,-0.5
6.579995,0.2799278,1.23621,0.9837725,0.4394524,0.5397394,-3.228963,-0.01330566,0.3279915,0.444807,-0.133124,0.2341492,-0.5
6.599995,0.299623,1.245068,0.9945673,0.3748732,0.5072309,-3.337461,-0.004301156,0.3251269,0.44949,-0.143124,0.2341492,-0.5
6.619995,0.3195359,1.252634,1.004712,0.308124,0.4722321,-3.447471,0.004786022,0.3220692,0.454173,-0.153124,0.2341492,-0.5
6.639995,0.3396534,1.258865,1.014156,0.2391746,0.434874,-3.558494,0.01375519,0.3188934,0.4484678,-0.1587524,-0.285261,-0.2814202
6.659995,0.3599609,1.263718,1.022854,0.1680047,0.3960738,-3.668076,0.02260635,0.3156104,0.4427626,-0.1643808,-0.285261,-0.2814202
6.679995,0.3804435,1.267147,1.030775,0.09464316,0.3559632,-3.776215,0.03135023,0.3122095,0.4370573,-0.1700092,-0.285261,-0.2814202
6.699995,0.4010857,1.269105,1.037895,0.01911886,0.3144102,-3.883043,0.03997609,0.3087011,0.4313521,-0.1756376,-0.285261,-0.2814202
6.719995,0.4218714,1.269552,1.044183,-0.05854201,0.2715465,-3.98843,0.04848396,0.3050748,0.4256469,-0.181266,-0.285261,-0.2814202
6.739995,0.4427841,1.268446,1.049614,-0.1383106,0.2272411,2.907664,0.05685235,0.3012983,0.418369,-0.1889344,-0.3638982,-0.3834213
6.759995,0.463807,1.265744,1.054159,-0.08015732,0.1811005,2.805423,0.06507054,0.2973716,0.411091,-0.1966029,-0.3638982,-0.3834213
6.779994,0.4849223,1.264203,1.057781,-0.02404886,0.1331244,2.705016,0.07314928,0.2932839,0.403813,-0.2042713,-0.3638982,-0.3834213
6.799994,0.5061116,1.263782,1.060443,0.03005146,0.08318204,2.606314,0.08107781,0.289046,0.3965351,-0.2119397,-0.3638982,-0.3834213
6.819994,0.5273558,1.264442,1.062107,0.08217774,0.03140486,-4.490588,0.08886688,0.284658,0.3892571,-0.2196081,-0.3638982,-0.3834213
6.839994,0.5486348,1.266144,1.062735,-0.007634019,-0.02220784,-4.585751,0.0965594,0.2801198,0.3844416,-0.2270264,-0.2407745,-0.3709156
6.859994,0.569928,1.26605,1.062291,-0.09934903,-0.07765507,2.320299,0.1041554,0.2754314,0.3796261,-0.2344447,-0.2407745,-0.3709156
6.879994,0.5912139,1.26412,1.060738,-0.05294305,-0.1349384,2.227495,0.1116548,0.2705927,0.3748106,-0.241863,-0.2407745,-0.3709156
6.899994,0.6124705,1.263118,1.058039,-0.008393153,-0.1940557,2.13587,0.1190576,0.2656039,0.3699951,-0.2492813,-0.2407745,-0.3709156
6.919994,0.6336747,1.263006,1.054158,0.03432425,-0.2550088,2.045425,0.126364,0.2604649,0.3651797,-0.2566997,-0.2407745,-0.3709156
6.939994,0.6548029,1.263748,1.049058,0.07523275,-0.3177967,-5.043865,0.1334664,0.2551864,0.3551797,-0.2640648,-0.5,-0.3682551
6.959994,0.6758307,1.265305,1.042702,-0.02564454,-0.3822882,-5.130638,0.1403651,0.2497576,0.3451797,-0.2714299,-0.5,-0.3682551
6.979994,0.6967332,1.264844,1.035056,-0.1282573,-0.4486155,1.785101,0.1470706,0.2441787,0.3351797,-0.278795,-0.5,-0.3682551
6.999994,0.7174844,1.262331,1.026084,-0.09255528,-0.5167776,1.703176,0.1535723,0.2384603,0.3251797,-0.2861601,-0.5,-0.3682551
7.019994,0.7380577,1.260531,1.015748,-0.05849175,-0.5866439,1.623742,0.1598808,0.2325917,0.3151797,-0.2935252,-0.5,-0.3682551
7.039994,0.7584261,1.25941,1.004015,-0.02601692,-0.6583456,1.546667,0.1661143,0.2266694,0.311603,-0.2962505,-0.1788344,-0.1362662
7.059994,0.7785608,1.258937,0.9908485,0.004916417,-0.7307017,1.470509,0.1722727,0.2206935,0.3080263,-0.2989759,-0.1788344,-0.1362662
7.079994,0.7984329,1.25908,0.9762345,0.0343266,-0.8037143,-5.604741,0.1783667,0.2146639,0.3044496,-0.3017012,-0.1788344,-0.1362662
7.099994,0.8180135,1.259814,0.9601602,-0.07776822,-0.8773813,-5.679193,0.1843856,0.2085807,0.3008729,-0.3044265,-0.1788344,-0.1362662
7.119994,0.8372735,1.258304,0.9426126,-0.1913521,-0.9517044,1.24728,0.1903294,0.2024331,0.2972962,-0.3071519,-0.1788344,-0.1362662
7.139994,0.8561834,1.254522,0.9235785,-0.1664065,-1.026814,1.174661,0.1960801,0.1962211,0.2872962,-0.3104862,-0.5,-0.1667156
7.159994,0.8747137,1.251237,0.9030423,-0.1429133,-1.102709,1.104402,0.2016269,0.1899447,0.2772962,-0.3138205,-0.5,-0.1667156
7.179994,0.8928342,1.248421,0.8809881,-0.1208252,-1.179391,1.036633,0.2069699,0.183604,0.2672963,-0.3171548,-0.5,-0.1667156
7.199994,0.9105146,1.246045,0.8574002,-0.1000926,-1.25686,0.9713553,0.2121198,0.1771989,0.2572963,-0.3204891,-0.5,-0.1667156
7.219994,0.9277242,1.244082,0.8322631,-0.08066545,-1.335115,0.9084368,0.2170658,0.1707187,0.2472963,-0.3238234,-0.5,-0.1667156
7.239994,0.944432,1.242507,0.8055608,-0.06249672,-1.414287,0.8480085,0.2218081,0.1641205,0.2372963,-0.32998,-0.5,-0.3078303
7.259994,0.9606072,1.241292,0.777275,-0.04553655,-1.494901,0.7900707,0.2263571,0.1573935,0.2272962,-0.3361366,-0.5,-0.3078303
7.279994,0.9762183,1.240416,0.747377,-0.02973513,-1.577089,0.7344926,0.2307023,0.1505485,0.2172962,-0.3422932,-0.5,-0.3078303
7.299994,0.9912329,1.239854,0.7158352,-0.01504528,-1.660718,0.6814057,0.2348438,0.1435747,0.2072962,-0.3484498,-0.5,-0.3078303
7.319994,1.005618,1.239584,0.6826209,-0.001417169,-1.74592,0.6308075,0.238792,0.1364829,0.1972962,-0.3546064,-0.5,-0.3078303
7.339994,1.019341,1.239584,0.6477025,0.01119898,-1.832563,0.5825697,0.2427296,0.1293053,0.1968178,-0.3588005,-0.02392397,-0.2097035
7.359994,1.032366,1.239837,0.6110513,0.02285037,-1.920256,-6.465515,0.2466564,0.1220419,0.1963393,-0.3629946,-0.02392397,-0.2097035
7.379994,1.044659,1.240324,0.5726461,-0.1064599,-2.008996,-6.513489,0.2505724,0.1147034,0.1958608,-0.3671886,-0.02392397,-0.2097035
7.399994,1.056185,1.238225,0.5324662,-0.2367297,-2.098655,0.4386429,0.2544778,0.107279,0.1953823,-0.3713827,-0.02392397,-0.2097035
7.419994,1.066909,1.233521,0.4904931,-0.2279568,-2.189362,0.3909301,0.2583724,0.09976876,0.1949039,-0.3755768,-0.02392397,-0.2097035
7.439994,1.076794,1.22899,0.4467059,-0.2201382,-2.281118,0.3433475,0.2621596,0.09223707,0.1891579,-0.376641,-0.2872962,-0.05321036
7.459994,1.085804,1.224615,0.4010836,-0.2132713,-2.373135,0.2970771,0.2658289,0.08468391,0.183412,-0.3777052,-0.2872962,-0.05321036
7.479994,1.093902,1.220376,0.3536209,-0.2073298,-2.465415,0.2522466,0.2693803,0.07710929,0.1776661,-0.3787694,-0.2872962,-0.05321036
7.499994,1.101052,1.216256,0.3043126,-0.2022848,-2.557957,0.2088594,0.2728135,0.06951322,0.1719202,-0.3798336,-0.2872962,-0.05321036
7.519994,1.107216,1.212238,0.2531534,-0.1981076,-2.650761,0.166913,0.2761395,0.06189568,0.1661743,-0.3808978,-0.2872962,-0.05321036
7.539994,1.112356,1.2083,0.2001382,-0.1947694,-2.743827,0.1262776,0.2794226,0.05418158,0.1640112,-0.3858325,-0.1081554,-0.2467336
7.559994,1.116438,1.204427,0.1452617,-0.1922438,-2.838073,0.08616698,0.2826627,0.0463709,0.161848,-0.3907672,-0.1081554,-0.2467336
7.579994,1.119424,1.200606,0.08850021,-0.1905205,-2.933498,0.04658021,0.2858599,0.03845293,0.1596849,-0.3957019,-0.1081554,-0.2467336
7.599994,1.121276,1.19682,0.02983025,-0.1895889,-3.030234,0.007518569,0.2890141,0.0304384,0.1575218,-0.4006365,-0.1081554,-0.2467336
7.619994,1.121955,1.193051,-0.03077443,-0.1894385,-3.12815,-0.03101924,0.2921256,0.02232731,0.1553587,-0.4055712,-0.1081554,-0.2467336
7.639994,1.121424,1.189287,-0.09333743,-0.1900589,3.772796,-0.06903291,0.2952047,0.01430203,0.1538841,-0.4014446,-0.0737293,0.206329
7.659994,1.119641,1.185508,-0.01788151,-0.1914395,3.67475,-0.1066538,0.2982517,0.006351864,0.1524095,-0.397318,-0.0737293,0.206329
7.679994,1.119366,1.181701,0.05561348,-0.1935726,3.577621,-0.1438799,0.3012665,-0.001512479,0.1509349,-0.3931915,-0.0737293,0.206329
7.699994,1.120561,1.177851,0.1271659,-0.1964502,-3.518501,-0.1807142,0.3042598,-0.009277344,0.1494603,-0.3890649,-0.0737293,0.206329
7.719994,1.123186,1.173943,0.05679588,-0.2000645,-3.613366,-0.2172858,0.307221,-0.01699829,0.1479858,-0.3849383,-0.0737293,0.206329
7.739994,1.124403,1.169962,-0.01547144,-0.2044102,-3.707695,-0.2534646,0.3099783,-0.02462769,0.1379858,-0.3812192,-0.5,0.1859533
7.759994,1.124174,1.165895,-0.08962534,-0.2094795,3.199135,-0.2871527,0.3125424,-0.03216553,0.1279857,-0.3775002,-0.5,0.1859533
7.779994,1.122461,1.161722,-0.02564264,-0.2152226,3.107042,-0.3184815,0.3149028,-0.03964233,0.1179857,-0.3737811,-0.5,0.1859533
7.799994,1.122027,1.157434,0.03649819,-0.2215922,3.015695,-0.3473192,0.3170592,-0.04705811,0.1079857,-0.3700621,-0.5,0.1859533
7.819993,1.122836,1.153019,0.09681209,-0.2285386,-4.074946,-0.3736666,0.3190225,-0.05438232,0.09798575,-0.366343,-0.5,0.1859533
7.839993,1.12485,1.148461,0.01531317,-0.2360119,-4.164429,-0.3976541,0.3209537,-0.06164551,0.09637246,-0.3625327,-0.08066428,0.190513
7.859993,1.125234,1.143755,-0.06797541,-0.243965,-4.253165,-0.421249,0.3228528,-0.06881714,0.09475917,-0.3587225,-0.08066428,0.190513
7.879993,1.123951,1.13889,-0.1530387,-0.25239,2.659253,-0.4444512,0.3247195,-0.07592773,0.09314588,-0.3549122,-0.08066428,0.190513
7.899993,1.120966,1.133857,-0.09985364,-0.261279,2.57238,-0.4672592,0.3265541,-0.08294678,0.0915326,-0.351102,-0.08066428,0.190513
7.919993,1.119044,1.128646,-0.04840605,-0.2706242,2.486625,-0.4896742,0.3283564,-0.08987427,0.08991931,-0.3472917,-0.08066428,0.190513
7.939993,1.11815,1.123247,0.001326452,-0.2804177,2.401989,-0.5116963,0.3300301,-0.09689331,0.08377162,-0.3495977,-0.3073846,-0.1153006
7.959993,1.118252,1.11765,0.04936622,-0.2906516,-4.683798,-0.5321447,0.3315857,-0.1039124,0.07762393,-0.3519037,-0.3073846,-0.1153006
7.979993,1.119315,1.111849,-0.04430974,-0.3012945,-4.769552,-0.5511521,0.3330126,-0.1109924,0.07147624,-0.3542098,-0.3073846,-0.1153006
7.999993,1.118505,1.105833,-0.1397008,-0.3123175,2.143978,-0.5685856,0.3343214,-0.1181335,0.06532855,-0.3565158,-0.3073846,-0.1153006
8.019994,1.115788,1.099596,-0.09682121,-0.3236892,2.056731,-0.5845784,0.3355015,-0.1253052,0.05918085,-0.3588218,-0.3073846,-0.1153006
8.039994,1.113929,1.09313,-0.05568659,-0.3353808,1.969112,-0.5989971,0.3365743,-0.1323242,0.05367225,-0.350719,-0.2754303,0.4051374
8.059995,1.112891,1.08643,-0.01630435,-0.3473607,1.883356,-0.6121051,0.3375398,-0.1391907,0.04816364,-0.3426163,-0.2754303,0.4051374
8.079995,1.11264,1.07949,0.02136278,-0.3596028,1.799465,-0.6239031,0.3383979,-0.145874,0.04265504,-0.3345135,-0.2754303,0.4051374
8.099996,1.113139,1.072304,0.05735208,-0.3720809,-5.282207,-0.6343893,0.3391382,-0.1524048,0.03714643,-0.3264108,-0.2754303,0.4051374
8.119996,1.114357,1.064867,-0.04829206,-0.3847687,-5.361995,-0.6434339,0.339771,-0.158783,0.03163783,-0.3183081,-0.2754303,0.4051374
8.139997,1.11346,1.057176,-0.155532,-0.3976373,1.560469,-0.6511674,0.3404254,-0.1650085,0.0325889,-0.3126077,0.04755394,0.2850196
8.159997,1.110417,1.049227,-0.1243226,-0.4106607,1.484035,-0.659163,0.3411011,-0.1711731,0.03353998,-0.3069073,0.04755394,0.2850196
8.179997,1.107997,1.041019,-0.09464189,-0.423844,1.409091,-0.6674216,0.3417876,-0.1771851,0.03449106,-0.3012069,0.04755394,0.2850196
8.199998,1.10617,1.032546,-0.06646006,-0.4371924,1.335267,-0.6758103,0.3424956,-0.1831055,0.03544214,-0.2955065,0.04755394,0.2850196
8.219998,1.104905,1.023805,-0.03975471,-0.4507086,1.263307,-0.6844614,0.343225,-0.1888733,0.03639321,-0.2898062,0.04755394,0.2850196
8.239999,1.104173,1.014796,-0.01448857,-0.4643978,1.192466,-0.6933746,0.3438579,-0.1946411,0.0316872,-0.2882597,-0.2353006,0.07732131
8.259999,1.103946,1.005513,0.009360738,-0.4782653,1.121997,-0.7011081,0.3443943,-0.2003784,0.02698119,-0.2867133,-0.2353006,0.07732131
8.28,1.104195,0.9959511,0.03180067,-0.4922875,-5.948098,-0.7076629,0.3448448,-0.2060852,0.02227518,-0.2851669,-0.2353006,0.07732131
8.3,1.104893,0.9861081,-0.0871613,-0.5064408,-6.017819,-0.7131678,0.3451987,-0.2117615,0.01756917,-0.2836205,-0.2353006,0.07732131
8.320001,1.103212,0.9759807,-0.2075177,-0.5207041,0.9128269,-0.7174937,0.345456,-0.2174072,0.01286316,-0.2820741,-0.2353006,0.07732131
8.340001,1.099123,0.9655674,-0.1892611,-0.535054,0.8438494,-0.7206399,0.3455203,-0.2230225,0.00301419,-0.2809349,-0.4924483,0.05695957
8.360002,1.095399,0.9548657,-0.1723842,-0.5494668,0.7752447,-0.7214268,0.3453806,-0.2286377,-0.006834776,-0.2797957,-0.4924483,0.05695957
8.380002,1.092012,0.9438738,-0.1568793,-0.5638953,0.7070125,-0.7197223,0.3450479,-0.2341919,-0.01668374,-0.2786565,-0.4924483,0.05695957
8.400002,1.088935,0.9325926,-0.142739,-0.5782898,0.6387806,-0.7156579,0.3445221,-0.2397461,-0.02653271,-0.2775173,-0.4924483,0.05695957
8.420003,1.086141,0.9210234,-0.1299634,-0.592603,0.5709216,-0.7092354,0.3437924,-0.2452698,-0.03638168,-0.2763781,-0.4924483,0.05695957
8.440003,1.083602,0.9091648,-0.118545,-0.6067877,0.5034352,-0.7003219,0.3429876,-0.2506714,-0.04017672,-0.2706395,-0.1897524,0.2869288
8.460004,1.081289,0.8970214,-0.1084763,-0.6207941,0.4374401,-0.6904908,0.3421077,-0.2559814,-0.04397177,-0.264901,-0.1897524,0.2869288
8.480004,1.079178,0.884598,-0.09972746,-0.6346039,0.3725637,-0.6797414,0.3411528,-0.2611694,-0.04776682,-0.2591624,-0.1897524,0.2869288
8.500005,1.077239,0.871899,-0.09227619,-0.6481987,0.3091789,-0.6680762,0.3401226,-0.2662354,-0.05156186,-0.2534238,-0.1897524,0.2869288
8.520005,1.075449,0.8589269,-0.08609261,-0.6615602,0.2472851,-0.655493,0.3390174,-0.2711792,-0.05535691,-0.2476852,-0.1897524,0.2869288
8.540006,1.073781,0.8456855,-0.0811469,-0.6746701,0.1868832,-0.6419912,0.3377406,-0.276123,-0.0639437,-0.2461026,-0.4293396,0.07913192
8.560006,1.072211,0.8321818,-0.07740924,-0.6875099,0.1268535,-0.6263915,0.336292,-0.2810059,-0.07253049,-0.2445199,-0.4293396,0.07913192
8.580007,1.070716,0.8184201,-0.07487217,-0.7000377,0.06682391,-0.6086952,0.3346718,-0.2858582,-0.08111729,-0.2429373,-0.4293396,0.07913192
8.600007,1.069271,0.8044064,-0.07353569,-0.7122116,0.007540409,-0.5889013,0.3328799,-0.2906799,-0.08970408,-0.2413547,-0.4293396,0.07913192
8.620008,1.067852,0.7901477,-0.07338488,-0.7239896,-0.05137084,-0.5670102,0.3309165,-0.2955017,-0.09829088,-0.239772,-0.4293396,0.07913192
8.640008,1.066436,0.7756523,-0.0744123,-0.7353298,-0.1099088,-0.5430225,0.3289423,-0.3001404,-0.09878623,-0.232253,-0.02476782,0.375953
8.660008,1.064998,0.7609305,-0.07661048,-0.7461902,-0.1669556,-0.5189037,0.3269573,-0.3046265,-0.09928159,-0.2247339,-0.02476782,0.375953
8.680009,1.063514,0.7459932,-0.07994959,-0.7565683,-0.2217652,-0.4946536,0.3249617,-0.30896,-0.09977695,-0.2172148,-0.02476782,0.375953
8.700009,1.061961,0.7308461,-0.08438489,-0.7664614,-0.2747107,-0.4702727,0.3229553,-0.3131714,-0.1002723,-0.2096958,-0.02476782,0.375953
8.72001,1.060318,0.7155007,-0.0898791,-0.7758668,-0.3261645,-0.4457605,0.3209382,-0.3171997,-0.1007677,-0.2021767,-0.02476782,0.375953
8.74001,1.058564,0.6999666,-0.09640239,-0.784782,-0.3753812,-0.421117,0.3188245,-0.321106,-0.1058946,-0.1951784,-0.2563455,0.3499161
8.760011,1.056677,0.6842545,-0.10391,-0.7932043,-0.4231067,-0.3952937,0.3166035,-0.3248901,-0.1110215,-0.1881801,-0.2563455,0.3499161
8.780011,1.054639,0.6683734,-0.1123721,-0.8011102,-0.4693411,-0.3681598,0.3142753,-0.3285217,-0.1161484,-0.1811817,-0.2563455,0.3499161
8.800012,1.05243,0.6523334,-0.121759,-0.8084734,-0.5133379,-0.3397148,0.3118505,-0.3320007,-0.1212753,-0.1741834,-0.2563455,0.3499161
8.820012,1.050032,0.6361448,-0.1320257,-0.8152677,-0.5562165,-0.3100908,0.3093184,-0.3353577,-0.1264022,-0.1671851,-0.2563455,0.3499161
8.840013,1.047426,0.6198193,-0.14315,-0.8214695,-0.5968575,-0.2791555,0.306722,-0.3385925,-0.1295854,-0.1620449,-0.1591584,0.2570087
8.860013,1.044598,0.6033714,-0.1550872,-0.8270526,-0.636753,-0.2474333,0.3040719,-0.3417053,-0.1327686,-0.1569048,-0.1591584,0.2570087
8.880013,1.041529,0.5868111,-0.1678223,-0.8320013,-0.6747842,-0.2150556,0.3013574,-0.3447571,-0.1359517,-0.1517646,-0.1591584,0.2570087
8.900014,1.038204,0.5701504,-0.1813179,-0.8363024,-0.71207,-0.1818919,0.2985786,-0.3476868,-0.1391349,-0.1466244,-0.1591584,0.2570087
8.920014,1.034608,0.5534027,-0.1955593,-0.8399402,-0.7478644,-0.1479417,0.2957354,-0.3505249,-0.1423181,-0.1414843,-0.1591584,0.2570087
8.940015,1.030727,0.5365818,-0.2105166,-0.8428991,-0.7825399,-0.1132053,0.2928064,-0.3532715,-0.1462532,-0.1385379,-0.1967575,0.1473191
8.960015,1.026545,0.5197029,-0.2261674,-0.8451632,-0.8160967,-0.07742029,0.2898023,-0.3559875,-0.1501884,-0.1355915,-0.1967575,0.1473191
8.980016,1.02205,0.5027761,-0.2424894,-0.8467116,-0.8492811,-0.04071734,0.2867232,-0.3586426,-0.1541235,-0.1326451,-0.1967575,0.1473191
9.000016,1.017227,0.4858169,-0.259475,-0.8475259,-0.8817198,-0.003097443,0.2835581,-0.3612366,-0.1580586,-0.1296988,-0.1967575,0.1473191
9.020017,1.012064,0.4688429,-0.2771094,-0.8475878,-0.9134124,0.03557206,0.280318,-0.3637695,-0.1619938,-0.1267524,-0.1967575,0.1473191
9.040017,1.006548,0.451866,-0.2953776,-0.8468764,-0.9443594,0.0751585,0.2769921,-0.3663025,-0.1665076,-0.1268096,-0.2256924,-0.002863546
9.060018,1.000667,0.4349018,-0.3142648,-0.8453732,-0.9753065,0.1157942,0.2735696,-0.3688354,-0.1710215,-0.1268669,-0.2256924,-0.002863546
9.080018,0.9944073,0.4179676,-0.3337709,-0.8430573,-1.006254,0.1576096,0.2700612,-0.3713684,-0.1755353,-0.1269242,-0.2256924,-0.002863546
9.100019,0.9877576,0.4010813,-0.353896,-0.8399051,-1.037201,0.2004736,0.2664563,-0.3739319,-0.1800492,-0.1269814,-0.2256924,-0.002863546
9.120019,0.9807057,0.3842564,-0.37464,-0.8358957,-1.068521,0.2445167,0.2627656,-0.3764648,-0.184563,-0.1270387,-0.2256924,-0.002863546
9.140019,0.9732386,0.3675108,-0.3960105,-0.8310053,-1.099468,0.2896083,0.2591178,-0.3788452,-0.1823434,-0.1196709,0.1109807,0.3683882
9.16002,0.9653423,0.3508635,-0.4179998,-0.8252132,-1.128551,0.3341762,0.2555129,-0.3811035,-0.1801238,-0.1123032,0.1109807,0.3683882
9.18002,0.957005,0.3343304,-0.4405708,-0.8185297,-1.156142,0.3782189,0.2519509,-0.3832092,-0.1779042,-0.1049354,0.1109807,0.3683882
9.200021,0.9482147,0.3179322,-0.4636937,-0.8109653,-1.181869,0.4217387,0.2484426,-0.3851624,-0.1756845,-0.09756763,0.1109807,0.3683882
9.220021,0.9389603,0.301686,-0.4873311,-0.8025305,-1.205732,0.4646018,0.2449773,-0.3869629,-0.1734649,-0.09019987,0.1109807,0.3683882
9.240022,0.9292315,0.2856087,-0.5114457,-0.7932385,-1.227731,0.5069413,0.2414475,-0.3885803,-0.1765058,-0.08118679,-0.1520436,0.4506539
9.260022,0.9190186,0.2697181,-0.5360003,-0.7830997,-1.247492,0.5500667,0.2378534,-0.3900146,-0.1795467,-0.07217371,-0.1520436,0.4506539
9.280023,0.9083127,0.2540269,-0.5609502,-0.7720984,-1.265017,0.5939784,0.2342056,-0.3912964,-0.1825875,-0.06316063,-0.1520436,0.4506539
9.300023,0.8971062,0.2385566,-0.5862505,-0.7602188,-1.280676,0.6385462,0.2304936,-0.3923645,-0.1856284,-0.05414755,-0.1520436,0.4506539
9.320024,0.8853917,0.2233228,-0.611864,-0.7474478,-1.293726,0.6838996,0.2267171,-0.39328,-0.1886692,-0.04513448,-0.1520436,0.4506539
9.340024,0.8731635,0.2083446,-0.6377385,-0.7337698,-1.304912,0.7300403,0.2228333,-0.3939819,-0.1944593,-0.03513448,-0.289502,0.5
9.360024,0.8604155,0.1936394,-0.6638368,-0.719169,-1.313488,0.7774913,0.2188316,-0.3944702,-0.2002493,-0.02513448,-0.289502,0.5
9.380025,0.8471434,0.1792261,-0.6901065,-0.7036192,-1.319454,0.8263843,0.2147118,-0.3947754,-0.2060394,-0.01513448,-0.289502,0.5
9.400025,0.8333442,0.1651226,-0.7164956,-0.6870915,-1.323182,0.876719,0.210474,-0.3948975,-0.2118294,-0.00513448,-0.289502,0.5
9.420026,0.8190155,0.1513484,-0.7429592,-0.6695571,-1.324674,0.928496,0.2061182,-0.3948059,-0.2176194,0.00486552,-0.289502,0.5
9.440026,0.8041552,0.1379234,-0.7694527,-0.6509871,-1.323182,0.9817151,0.2016873,-0.3945923,-0.2213997,0.01008084,-0.1890113,0.2607659
9.460027,0.7887644,0.1248694,-0.7959163,-0.6313528,-1.320945,1.035851,0.1971813,-0.3942871,-0.2251799,0.01529615,-0.1890113,0.2607659
9.480027,0.7728432,0.1122081,-0.8223352,-0.6106358,-1.317217,1.090906,0.1926002,-0.3938599,-0.2289601,0.02051147,-0.1890113,0.2607659
9.500028,0.7563925,0.09996099,-0.8486796,-0.5888177,-1.311996,1.146876,0.187944,-0.3933411,-0.2327404,0.02572679,-0.1890113,0.2607659
9.520028,0.739414,0.08814926,-0.8749195,-0.5658802,-1.305658,1.203766,0.1832127,-0.3927307,-0.2365206,0.0309421,-0.1890113,0.2607659
9.540029,0.72191,0.07679638,-0.9010327,-0.5418049,-1.298201,1.261572,0.1784385,-0.3919373,-0.2387975,0.04035496,-0.1138453,0.4706427
9.560029,0.703882,0.06592381,-0.9269967,-0.5165734,-1.288507,1.319902,0.1736214,-0.3909302,-0.2410744,0.04976781,-0.1138453,0.4706427
9.580029,0.6853327,0.05555699,-0.9527668,-0.4901754,-1.276202,1.378757,0.1687507,-0.38974,-0.2433513,0.05918066,-0.1138453,0.4706427
9.60003,0.6662664,0.045715,-0.9782909,-0.4626003,-1.261661,1.438267,0.163837,-0.3883667,-0.2456283,0.06859351,-0.1138453,0.4706427
9.62003,0.646688,0.03642485,-1.003524,-0.4338349,-1.244882,1.498302,0.1588804,-0.3868103,-0.2479052,0.07800636,-0.1138453,0.4706427
9.640031,0.6266033,0.02770781,-1.028422,-0.4038689,-1.225866,1.558861,0.1537415,-0.3850708,-0.257158,0.08765613,-0.4626442,0.4824882
9.660031,0.6060191,0.01959132,-1.052939,-0.3726917,-1.204614,1.621648,0.1484094,-0.3831177,-0.2664109,0.09730589,-0.4626442,0.4824882
9.680032,0.5849426,0.01209847,-1.077031,-0.3402587,-1.18075,1.686795,0.142895,-0.3809814,-0.2756638,0.1069556,-0.4626442,0.4824882
9.700032,0.5633828,0.005251147,-1.100646,-0.3065228,-1.154651,1.75417,0.1371981,-0.3786621,-0.2849167,0.1166054,-0.4626442,0.4824882
9.720033,0.5413492,-0.000922939,-1.123739,-0.2714394,-1.126313,1.823773,0.1313189,-0.3761292,-0.2941695,0.1262552,-0.4626442,0.4824882
9.740033,0.5188519,-0.006396135,-1.146266,-0.234964,-1.095367,1.895604,0.1254933,-0.3734131,-0.2913313,0.1358906,0.141914,0.4817699
9.760034,0.4959025,-0.01113871,-1.168173,-0.1970519,-1.062182,1.966781,0.1197213,-0.3705139,-0.288493,0.145526,0.141914,0.4817699
9.780034,0.4725136,-0.01512456,-1.189417,-0.1577163,-1.026761,2.037301,0.1140138,-0.3674316,-0.2856547,0.1551614,0.141914,0.4817699
9.800035,0.4486983,-0.01832362,-1.209952,-0.1169703,-0.9891023,2.107036,0.1083598,-0.3641357,-0.2828164,0.1647968,0.141914,0.4817699
9.820035,0.4244707,-0.02070548,-1.229734,-0.07482955,-0.9488339,2.176115,0.1027595,-0.3606262,-0.2799781,0.1744322,0.141914,0.4817699
9.840035,0.3998457,-0.0222458,-1.248711,-0.03130725,-0.9059553,2.244538,0.09712704,-0.3569336,-0.2816231,0.1844322,-0.08224854,0.5
9.860036,0.3748398,-0.0229151,-1.26683,0.01358351,-0.8608398,2.313355,0.09146237,-0.3530579,-0.2832681,0.1944322,-0.08224854,0.5
9.880036,0.3494702,-0.02268509,-1.284047,0.0598506,-0.813487,-4.617468,0.08576552,-0.3489685,-0.284913,0.2044322,-0.08224854,0.5
9.900037,0.3237546,-0.0215307,-1.300316,-0.03249875,-0.7635241,-4.547866,0.08003646,-0.344696,-0.286558,0.2144322,-0.08224854,0.5
9.920037,0.2977123,-0.02222339,-1.315587,-0.1234561,-0.7113242,2.522164,0.07427522,-0.34021,-0.288203,0.2244322,-0.08224854,0.5
9.940038,0.271363,-0.02473604,-1.329813,-0.07301279,-0.6565145,2.592554,0.06847104,-0.3356628,-0.2901785,0.2270255,-0.09877565,0.1296653
9.960038,0.244729,-0.02624007,-1.342943,-0.02116172,-0.6009591,2.663467,0.06262397,-0.3310852,-0.292154,0.2296188,-0.09877565,0.1296653
9.980039,0.2178323,-0.02670863,-1.354963,0.03210763,-0.5450304,2.734905,0.05674469,-0.326416,-0.2941295,0.2322121,-0.09877565,0.1296653
10.00004,0.1906947,-0.02611089,-1.365863,0.08680573,-0.4879837,-4.193302,0.0508225,-0.3217163,-0.296105,0.2348054,-0.09877565,0.1296653
10.02004,0.1906564,-0.026156,-1.365863,0.08680573,-0.4879837,-4.193302,0.04485738,-0.3169861,-0.2980805,0.2373988,-0.09877565,0.1296653
10.04004,0.1632793,-0.02446833,-1.365863,0.08680573,-0.4879837,-4.193302,0.03901027,-0.3121643,-0.2921948,0.239756,0.2942829,0.1178614
10.06004,0.1358807,-0.02278338,-1.365863,0.08680573,-0.4879837,-4.193302,0.03328118,-0.3073425,-0.2863092,0.2421132,0.2942829,0.1178614
10.08004,0.1092759,-0.02113704,-1.325758,0.0846949,-0.4879837,-4.193302,0.02767009,-0.3024597,-0.2804235,0.2444704,0.2942829,0.1178614
10.10004,0.08326318,-0.01951738,-1.295736,0.08339717,-0.4879837,-4.193302,0.02217702,-0.2975159,-0.2745379,0.2468277,0.2942829,0.1178614
10.12004,0.05769315,-0.01781712,-1.273228,0.0872526,-0.4879837,-4.193302,0.01680195,-0.292511,-0.2686522,0.2491849,0.2942829,0.1178614
10.14004,0.0322925,-0.01603972,-1.264186,0.09141309,-0.4879837,-4.193302,0.01157708,-0.2874451,-0.2613729,0.2534768,0.363966,0.2145925
10.16004,0.008450246,-0.01327609,-1.186669,0.1399982,-0.4879837,-4.193302,0.006491676,-0.2822876,-0.2540936,0.2577686,0.363966,0.2145925
10.18004,-0.01245042,-0.006866989,-1.036975,0.3170251,-0.4879837,-4.193302,0.001556473,-0.2770386,-0.2468143,0.2620605,0.363966,0.2145925
10.20004,-0.02501173,0.00154787,-0.6310712,0.4088002,-0.4879837,-4.193302,-0.003239263,-0.271698,-0.2395349,0.2663524,0.363966,0.2145925
10.22004,-0.03576976,0.009304631,-0.5379673,0.3888445,-0.4879837,-4.193302,-0.007873535,-0.2662964,-0.2322556,0.2706442,0.363966,0.2145925
10.24004,-0.04599535,0.01684427,-0.5106311,0.3786384,-0.4879837,-4.193302,-0.01248169,-0.2607727,-0.2295009,0.2761193,0.1377339,0.2737529
10.26005,-0.05554312,0.02415478,-0.4763102,0.3672332,-0.4879837,-4.193302,-0.01702881,-0.255127,-0.2267463,0.2815943,0.1377339,0.2737529
10.28005,-0.06415991,0.03100015,-0.4294972,0.3440415,-0.4879837,-4.193302,-0.02148438,-0.2493896,-0.2239916,0.2870694,0.1377339,0.2737529
10.30005,-0.07206438,0.03742995,-0.3936558,0.3231026,-0.4879837,-4.193302,-0.02590942,-0.2435303,-0.2212369,0.2925444,0.1377339,0.2737529
10.32005,-0.07925908,0.04344095,-0.3579639,0.3023435,-0.4879837,-4.193302,-0.03027344,-0.2375793,-0.2184823,0.2980194,0.1377339,0.2737529
10.34005,-0.08577428,0.04906118,-0.3238289,0.2825306,-0.4879837,-4.193302,-0.03457642,-0.2315369,-0.2140052,0.3019807,0.2238551,0.1980638
10.36005,-0.0916425,0.05430067,-0.2913516,0.2637168,-0.4879837,-4.193302,-0.03875732,-0.2254333,-0.2095281,0.305942,0.2238551,0.1980638
10.38005,-0.09690089,0.05919031,-0.2607646,0.2460261,-0.4879837,-4.193302,-0.04284668,-0.2192078,-0.205051,0.3099032,0.2238551,0.1980638
10.40005,-0.1015867,0.06374706,-0.2320359,0.2294392,-0.4879837,-4.193302,-0.046875,-0.2129517,-0.2005739,0.3138645,0.2238551,0.1980638
10.42005,-0.1057366,0.06799743,-0.2051921,0.2139675,-0.4879837,-4.193302,-0.05081177,-0.206604,-0.1960968,0.3178258,0.2238551,0.1980638
10.44005,-0.1093861,0.07195881,-0.180112,0.1995424,-0.4879837,-4.193302,-0.05477905,-0.2002563,-0.1996335,0.3175068,-0.1768374,-0.0159463
10.46005,-0.1125783,0.07565708,-0.1572154,0.186385,-0.4879837,-4.193302,-0.05886841,-0.1939087,-0.2031703,0.3171879,-0.1768374,-0.0159463
10.48005,-0.1153532,0.07902294,-0.1363209,0.1698349,-0.4879837,-4.193302,-0.06298828,-0.187561,-0.206707,0.316869,-0.1768374,-0.0159463
10.50005,-0.1177865,0.08208951,-0.1192322,0.154787,-0.4879837,-4.193302,-0.06719971,-0.1812439,-0.2102437,0.3165501,-0.1768374,-0.0159463
10.52005,-0.1198996,0.08487175,-0.1032248,0.1407297,-0.4879837,-4.193302,-0.07147217,-0.1749268,-0.2137805,0.3162312,-0.1768374,-0.0159463
10.54005,-0.1217125,0.08739448,-0.08821312,0.1275907,-0.4879837,-4.193302,-0.07571411,-0.1685791,-0.2125006,0.3159134,0.06399711,-0.01588798
10.56005,-0.1232385,0.08966421,-0.0738607,0.1150881,-0.4879837,-4.193302,-0.07995605,-0.1622925,-0.2112206,0.3155957,0.06399711,-0.01588798
10.58005,-0.1244925,0.09170149,-0.06029082,0.1033219,-0.4879837,-4.193302,-0.08413696,-0.1559753,-0.2099407,0.3152779,0.06399711,-0.01588798
10.60005,-0.1254885,0.09351649,-0.04739583,0.09219944,-0.4879837,-4.193302,-0.08831787,-0.1496887,-0.2086608,0.3149602,0.06399711,-0.01588798
10.62005,-0.1262383,0.09512012,-0.03511472,0.08166785,-0.4879837,-4.193302,-0.09246826,-0.1433716,-0.2073808,0.3146424,0.06399711,-0.01588798
10.64005,-0.1267524,0.09652402,-0.02333212,0.07162959,-0.4879837,-4.193302,-0.09655762,-0.137085,-0.2048244,0.315217,0.12782,0.02872604
10.66005,-0.127037,0.0977341,-0.01189178,0.06195352,-0.4879837,-4.193302,-0.1006165,-0.1307373,-0.202268,0.3157915,0.12782,0.02872604
10.68005,-0.1270987,0.09875968,-0.0007430213,0.05259661,-0.4879837,-4.193302,-0.1046143,-0.1244202,-0.1997116,0.316366,0.12782,0.02872604
10.70006,-0.1269409,0.09960095,0.01019974,0.04348693,-0.4879837,-4.193302,-0.108551,-0.1180725,-0.1971552,0.3169405,0.12782,0.02872604
10.72006,-0.1265666,0.1002674,0.02101216,0.03456116,-0.4879837,-4.193302,-0.1124573,-0.1117249,-0.1945988,0.3175151,0.12782,0.02872604
10.74006,-0.1259757,0.1007551,0.03181657,0.02571814,-0.4879837,-4.193302,-0.116272,-0.1054077,-0.1913081,0.3161343,0.164534,-0.06903896
10.76006,-0.1251663,0.1010664,0.04271387,0.01687472,-0.4879837,-4.193302,-0.1200256,-0.09912109,-0.1880175,0.3147535,0.164534,-0.06903896
10.78006,-0.1241345,0.1012009,0.05379827,0.007953644,-0.4879837,-4.193302,-0.1237183,-0.09283447,-0.1847268,0.3133728,0.164534,-0.06903896
10.80006,-0.1228756,0.1011548,0.06512837,-0.001092872,-0.4879837,-4.193302,-0.1273499,-0.08660889,-0.1814361,0.311992,0.164534,-0.06903896
10.82006,-0.1213821,0.1009244,0.07681239,-0.01035277,-0.4879837,-4.193302,-0.1309204,-0.0803833,-0.1781454,0.3106112,0.164534,-0.06903896
10.84006,-0.1196455,0.1005021,0.08894853,-0.01990591,-0.4879837,-4.193302,-0.1343994,-0.07421875,-0.1738191,0.3087911,0.2163162,-0.09100638
10.86006,-0.1176535,0.09988405,0.1016782,-0.02986556,-0.4879837,-4.193302,-0.1377869,-0.06808472,-0.1694928,0.306971,0.2163162,-0.09100638
10.88006,-0.1153928,0.0990553,0.1150756,-0.04029128,-0.4879837,-4.193302,-0.1410828,-0.0619812,-0.1651664,0.3051509,0.2163162,-0.09100638
10.90006,-0.1128482,0.09800987,0.1292406,-0.05126274,-0.4879837,-4.193302,-0.1442871,-0.0559082,-0.1608401,0.3033307,0.2163162,-0.09100638
10.92006,-0.1100022,0.09673455,0.1442797,-0.06286427,-0.4879837,-4.193302,-0.1474304,-0.04986572,-0.1565138,0.3015106,0.2163162,-0.09100638
10.94006,-0.106835,0.09521022,0.1603065,-0.07518564,-0.4879837,-4.193302,-0.1504822,-0.04391479,-0.1524692,0.2986402,0.2022298,-0.1435217
10.96006,-0.1033242,0.09342546,0.177435,-0.08831768,-0.4879837,-4.193302,-0.1534424,-0.03799438,-0.1484246,0.2957698,0.2022298,-0.1435217
10.98006,-0.09944638,0.09136328,0.1957498,-0.1023253,-0.4879837,-4.193302,-0.1563416,-0.03213501,-0.14438,0.2928993,0.2022298,-0.1435217
11.00006,-0.09517439,0.08900066,0.2154178,-0.1173413,-0.4879837,-4.193302,-0.1591492,-0.02633667,-0.1403354,0.2900289,0.2022298,-0.1435217
11.02006,-0.09047996,0.08631705,0.236496,-0.1334079,-0.4879837,-4.193302,-0.1618652,-0.02059937,-0.1362908,0.2871584,0.2022298,-0.1435217
11.04006,-0.0853316,0.08329134,0.2591462,-0.1506519,-0.4879837,-4.193302,-0.1644592,-0.01486206,-0.1300264,0.2863237,0.3132182,-0.04173682
11.06006,-0.07969362,0.0798934,0.2835989,-0.1692543,-0.4879837,-4.193302,-0.1669617,-0.009155273,-0.1237621,0.285489,0.3132182,-0.04173682
11.08006,-0.07356835,0.07597423,0.3079452,-0.1954554,-0.4879837,-4.193302,-0.1693115,-0.003453867,-0.1174977,0.2846542,0.3132182,-0.04173682
11.10006,-0.06697863,0.07152694,0.3311186,-0.2219209,-0.4879837,-4.193302,-0.1715088,0.002221713,-0.1112333,0.2838195,0.3132182,-0.04173682
11.12006,-0.05989568,0.06652124,0.3557326,-0.2500114,-0.4879837,-4.193302,-0.1736145,0.007886564,-0.104969,0.2829848,0.3132182,-0.04173682
11.14007,-0.05229212,0.06092468,0.3817127,-0.2796369,-0.4879837,-4.193302,-0.1755371,0.01345486,-0.09573646,0.2783906,0.4616261,-0.2297066
11.16007,-0.04413502,0.05469988,0.4093075,-0.3110961,-0.4879837,-4.193302,-0.1772461,0.01892659,-0.08650394,0.2737965,0.4616261,-0.2297066
11.18007,-0.0354014,0.04782825,0.4380414,-0.3438195,-0.4879837,-4.193302,-0.1788025,0.02431249,-0.07727142,0.2692023,0.4616261,-0.2297066
11.20007,-0.02607456,0.04028535,0.467602,-0.3774372,-0.4879837,-4.193302,-0.1801758,0.02960183,-0.0680389,0.2646082,0.4616261,-0.2297066
11.22007,-0.01618136,0.03179411,0.4958449,-0.425161,-0.4879837,-4.193302,-0.1813354,0.03480535,-0.05880637,0.260014,0.4616261,-0.2297066
11.24007,-0.005881051,0.02231535,0.515056,-0.4752305,-0.4879837,-4.193302,-0.1825256,0.03988012,-0.05980228,0.2534867,-0.04979533,-0.326368
11.26007,0.004087333,0.01121952,0.4969324,-0.5549893,-0.4879837,-4.193302,-0.1837463,0.04481541,-0.06079819,0.2469593,-0.04979533,-0.326368
11.28007,0.009808447,-0.001025088,0.281512,-0.6028371,-0.4879837,-4.193302,-0.1849976,0.04962195,-0.0617941,0.2404319,-0.04979533,-0.326368
11.30007,0.0121563,-0.01014286,0.1191138,-0.4562574,-0.4879837,-4.193302,-0.1862488,0.05429975,-0.06279001,0.2339046,-0.04979533,-0.326368
11.32007,0.01314336,-0.01808311,0.05078331,-0.3960729,-0.4879837,-4.193302,-0.1875305,0.0588488,-0.06378591,0.2273772,-0.04979533,-0.326368
11.34007,0.0130887,-0.0246032,-0.0003760196,-0.3246577,-0.4879837,-4.193302,-0.1887512,0.06327984,-0.06103805,0.221567,0.1373928,-0.2905118
11.36007,0.01247312,-0.02995731,-0.02933595,-0.2668673,-0.4879837,-4.193302,-0.1899109,0.06759285,-0.0582902,0.2157567,0.1373928,-0.2905118
11.38007,0.01139305,-0.03417962,-0.05196029,-0.2101407,-0.4879837,-4.193302,-0.19104,0.07178786,-0.05554234,0.2099465,0.1373928,-0.2905118
11.40007,0.009979261,-0.03723027,-0.06951122,-0.1521575,-0.4879837,-4.193302,-0.1920776,0.07587556,-0.05279449,0.2041363,0.1373928,-0.2905118
11.42007,0.008215764,-0.03911672,-0.08709394,-0.0938876,-0.4879837,-4.193302,-0.1930847,0.07984526,-0.05004663,0.1983261,0.1373928,-0.2905118
11.44007,0.006156865,-0.03975775,-0.1013693,-0.03169866,-0.4879837,-4.193302,-0.1939697,0.08372912,-0.04452548,0.1943488,0.2760576,-0.1988622
11.46007,0.003990942,-0.03916587,-0.1073446,0.02955942,-0.4879837,-4.193302,-0.1947632,0.08753787,-0.03900433,0.1903716,0.2760576,-0.1988622
11.48007,0.001710836,-0.0373583,-0.1131267,0.09030671,-0.4879837,-4.193302,-0.1954041,0.0912608,-0.03348317,0.1863943,0.2760576,-0.1988622
11.50007,-0.0006832068,-0.03433075,-0.1189084,0.1510914,-0.4879837,-4.193302,-0.1959839,0.09490864,-0.02796202,0.1824171,0.2760576,-0.1988622
11.52007,-0.002949023,-0.02994525,-0.1126026,0.2187789,-0.4879837,-4.193302,-0.1964111,0.09848136,-0.02244087,0.1784399,0.2760576,-0.1988622
11.54007,-0.005090616,-0.0243639,-0.1064939,0.2785186,-0.4879837,-4.193302,-0.1968079,0.1020648,-0.01942306,0.1792019,0.1508904,0.03810417
11.56007,-0.006831452,-0.01748362,-0.08637097,0.3434037,-0.4879837,-4.193302,-0.1971436,0.105659,-0.01640525,0.179964,0.1508904,0.03810417
11.58008,-0.007768089,-0.009401608,-0.0457207,0.4030303,-0.4879837,-4.193302,-0.1974182,0.1092746,-0.01338745,0.1807261,0.1508904,0.03810417
11.60008,-0.006772055,-0.0008680993,0.05142305,0.42228,-0.4879837,-4.193302,-0.1976013,0.112901,-0.01036964,0.1814882,0.1508904,0.03810417
11.62008,-0.002965991,0.006984549,0.1903048,0.3892366,-0.4879837,-4.193302,-0.1977539,0.1165488,-0.007351833,0.1822503,0.1508904,0.03810417
11.64008,0.001520445,0.01042977,0.2091687,0.1742215,-0.4879837,-4.193302,-0.1978149,0.120143,-0.002212175,0.1799052,0.2569829,-0.1172561
11.66008,0.005315093,0.01263904,0.1877889,0.1114942,-0.4879837,-4.193302,-0.1977539,0.1236943,0.002927483,0.1775601,0.2569829,-0.1172561
11.68008,0.00843591,0.01370756,0.1571584,0.05382178,-0.4879837,-4.193302,-0.1976013,0.1272026,0.00806714,0.175215,0.2569829,-0.1172561
11.70008,0.01089794,0.01364051,0.1235529,-0.002769936,-0.4879837,-4.193302,-0.1973267,0.1306573,0.0132068,0.1728698,0.2569829,-0.1172561
11.72008,0.01238711,0.01245626,0.07496652,-0.058416,-0.4879837,-4.193302,-0.1969604,0.1340691,0.01834645,0.1705247,0.2569829,-0.1172561
11.74008,0.01293359,0.01031198,0.02983968,-0.1043271,-0.4879837,-4.193302,-0.1965027,0.1373843,0.02296552,0.1659864,0.2309532,-0.2269175
11.76008,0.01236975,0.007367643,-0.02679816,-0.145748,-0.4879837,-4.193302,-0.1959534,0.1406137,0.02758459,0.161448,0.2309532,-0.2269175
11.78008,0.01058384,0.003808364,-0.08392738,-0.176028,-0.4879837,-4.193302,-0.1953125,0.1437573,0.03220365,0.1569097,0.2309532,-0.2269175
11.80008,0.007254417,8.413962E-06,-0.1662614,-0.187548,-0.4879837,-4.193302,-0.1945801,0.1468043,0.03682272,0.1523713,0.2309532,-0.2269175
11.82008,0.002276332,-0.003354967,-0.2465532,-0.1669713,-0.4879837,-4.193302,-0.1937256,0.1497655,0.04144178,0.1478329,0.2309532,-0.2269175
11.84008,-0.001952806,-0.003165399,-0.2010995,0.007217586,-0.4879837,-4.193302,-0.1928711,0.1526837,0.04285429,0.1460947,0.07062508,-0.08691069
11.86008,-0.004372594,-0.001895101,-0.117538,0.05918139,-0.4879837,-4.193302,-0.1919861,0.1555698,0.04426679,0.1443565,0.07062508,-0.08691069
11.88008,-0.00517344,-0.0003311286,-0.03845111,0.0726477,-0.4879837,-4.193302,-0.1910706,0.1584237,0.04567929,0.1426183,0.07062508,-0.08691069
11.90008,-0.004423323,0.001199258,0.02892035,0.07494175,-0.4879837,-4.193302,-0.1901245,0.1612454,0.0470918,0.1408801,0.07062508,-0.08691069
11.92008,-0.00232898,0.001951305,0.1011592,0.03228001,-0.4879837,-4.193302,-0.1891785,0.1640242,0.0485043,0.1391418,0.07062508,-0.08691069
11.94008,-0.0002873553,0.001136432,0.0952543,-0.04251374,-0.4879837,-4.193302,-0.1882019,0.1666635,0.04832603,0.1320739,-0.008913448,-0.3533961
11.96008,0.0009171251,-0.001493027,0.05719734,-0.1257714,-0.4879837,-4.193302,-0.1872253,0.1691633,0.04814776,0.125006,-0.008913448,-0.3533961
11.98008,0.0003282828,-0.0008425257,-0.004518926,-0.01052465,-0.4879837,-4.193302,-0.1862793,0.1715236,0.04796949,0.1179381,-0.008913448,-0.3533961
12.00008,0.0001026008,0.0004704299,-0.006332106,0.05055495,-0.4879837,-4.193302,-0.1853333,0.1737445,0.04779122,0.1108702,-0.008913448,-0.3533961
12.02009,-0.0004655657,-0.0005673123,-0.0193858,-0.03225587,-0.4879837,-4.193302,-0.1843872,0.1758259,0.04761295,0.1038022,-0.008913448,-0.3533961
12.04009,0.0008758843,-9.655672E-05,0.0434397,0.007241916,-0.4879837,-4.193302,-0.1833496,0.1778429,0.05111365,0.1006549,0.175035,-0.1573696
12.06009,-0.0006537077,-0.0001853126,-0.03910571,-0.0003729952,-0.4879837,-4.193302,-0.182251,0.1797955,0.05461435,0.09750746,0.175035,-0.1573696
12.08009,0.0009111896,0.0001426697,0.04363255,0.0111518,-0.4879837,-4.193302,-0.1810913,0.1816838,0.05811505,0.09436007,0.175035,-0.1573696
12.10009,0.0002796266,0.0001578909,-0.002306335,-0.0004799711,-0.4879837,-4.193302,-0.1798706,0.1835077,0.06161575,0.09121267,0.175035,-0.1573696
12.12009,-0.001446875,-0.000615595,-0.06321372,-0.03008626,-0.4879837,-4.193302,-0.1785583,0.1852672,0.06511645,0.08806528,0.175035,-0.1573696
12.14009,0.0003280031,0.0001422441,0.03029349,0.01251102,-0.4879837,-4.193302,-0.1772156,0.1869409,0.06765649,0.08356155,0.1270019,-0.2251865
12.16009,-0.001270649,-0.0006495822,-0.04598173,-0.02273024,-0.4879837,-4.193302,-0.1758118,0.188518,0.07019652,0.07905783,0.1270019,-0.2251865
12.18009,0.0006317471,0.0002294258,0.03748773,0.01671467,-0.4879837,-4.193302,-0.1743469,0.1900093,0.07273656,0.0745541,0.1270019,-0.2251865
12.20009,-0.001089926,-0.0002138105,-0.04305124,-0.01054211,-0.4879837,-4.193302,-0.1728516,0.1914148,0.0752766,0.07005037,0.1270019,-0.2251865
