0.02,-0.98,2.299999,0.0735002,0.06040492,0,0,0,0,0,0,0,0
0.04,-0.97853,2.301207,0.0735002,0.06040492,-3.500021,-3.500021,0,0,0,0,0,0
0.06,-0.97706,2.302417,0.003499788,-0.00959549,-3.500021,-3.500021,9.655952E-05,0.0002038479,0.005032621,0.01,0.2516311,0.5
0.08,-0.9769915,2.302227,-0.06650063,-0.0795959,-3.49753,3.498841,0.0003004074,0.0006008148,0.01006524,0.02,0.2516311,0.5
0.09999999,-0.9783246,2.300637,-0.1364512,-0.009619081,3.507361,3.496351,0.0006008148,0.00120163,0.01509786,0.03,0.2516311,0.5
0.12,-0.9810582,2.300448,-0.06630401,0.06030793,3.514702,3.49268,0.001008511,0.002006292,0.02013049,0.04,0.2516311,0.5
0.14,-0.9823904,2.301659,0.003990025,0.1301615,3.524532,-3.512342,0.001512766,0.003004074,0.02516311,0.05,0.2516311,0.5
0.16,-0.9823182,2.304266,0.07448067,0.0599147,-3.463319,-3.518503,0.002220869,0.004109144,0.0351631,0.05515365,0.5,0.2576824
0.18,-0.980837,2.305468,0.005214293,-0.01045536,-3.449818,-3.527154,0.003122091,0.005310774,0.0451631,0.06030729,0.5,0.2576824
0.2,-0.9807419,2.305265,-0.06378207,-0.08099844,-3.435137,3.461877,0.004227161,0.006619692,0.0551631,0.06546094,0.5,0.2576824
0.22,-0.9820276,2.303653,-0.1324848,-0.0117609,3.580896,3.448376,0.005525351,0.008035898,0.0651631,0.07061459,0.5,0.2576824
0.24,-0.9846882,2.303427,-0.06086689,0.05720662,3.598198,3.432515,0.007027388,0.009548665,0.0751631,0.07576824,0.5,0.2576824
0.26,-0.9859172,2.304581,0.01109708,0.1258569,3.61668,-3.585877,0.00857234,0.0110507,0.07702699,0.07511349,0.09319433,-0.03273755
0.28,-0.9857069,2.307111,0.08343069,0.0541394,-3.36501,-3.604752,0.01014948,0.01254201,0.07889087,0.07445874,0.09319433,-0.03273755
0.3,-0.9840498,2.308206,0.01613048,-0.01795565,-3.34679,-3.624021,0.01176953,0.01402259,0.08075476,0.07380399,0.09319433,-0.03273755
0.32,-0.9837387,2.30786,-0.05080532,-0.09043606,-3.328701,3.356228,0.01342177,0.01548171,0.08261865,0.07314924,0.09319433,-0.03273755
0.34,-0.984766,2.306065,-0.1173794,-0.02331151,3.689167,3.336042,0.0151062,0.0169301,0.08448254,0.07249449,0.09319433,-0.03273755
0.36,-0.9871248,2.305611,-0.04359602,0.04340933,3.706862,3.315463,0.01699448,0.01849651,0.09448254,0.07846951,0.5,0.2987511
0.38,-0.9880089,2.306491,0.03054122,0.1097186,3.726,-3.707649,0.0190866,0.02018094,0.1044825,0.08444454,0.5,0.2987511
0.4,-0.9874112,2.3087,0.1050612,0.0355656,-3.253463,-3.733209,0.02137184,0.02199411,0.1144825,0.09041956,0.5,0.2987511
0.42,-0.9853241,2.309428,0.03999197,-0.03909857,-3.23131,-3.761129,0.02386093,0.02392531,0.1244825,0.09639458,0.5,0.2987511
0.4400001,-0.9845395,2.308665,-0.02463424,-0.1143211,-3.207716,3.208503,0.02655387,0.02597452,0.1344825,0.1023696,0.5,0.2987511
0.4600001,-0.9850484,2.306398,-0.08878856,-0.05015109,3.817361,3.175602,0.02922535,0.02788425,0.1336562,0.09526981,-0.04131512,-0.3549896
0.4800001,-0.9868392,2.305414,-0.01244135,0.01336095,3.840693,3.142963,0.0318861,0.02964378,0.1328299,0.08817002,-0.04131512,-0.3549896
0.5000001,-0.987102,2.305701,0.06437251,0.07622021,3.86219,-3.889585,0.0345254,0.03126384,0.1320036,0.08107023,-0.04131512,-0.3549896
0.52,-0.9858274,2.307244,0.1416163,-0.001571479,-3.118058,-3.92183,0.03715396,0.03274442,0.1311773,0.07397044,-0.04131512,-0.3549896
0.54,-0.9830069,2.30723,0.07925513,-0.08000807,-3.099969,3.046096,0.03976107,0.03408553,0.130351,0.06687064,-0.04131512,-0.3549896
0.56,-0.9814324,2.305648,0.01725575,-0.01908615,-3.083585,3.014244,0.04255055,0.03552319,0.1393458,0.07206913,0.4497376,0.2599244
0.58,-0.9810989,2.305286,-0.04441594,0.04119873,-3.06602,2.980164,0.04552243,0.03706815,0.1483406,0.07726762,0.4497376,0.2599244
0.6,-0.9819997,2.306132,-0.1057363,0.100802,3.952896,-4.056185,0.04866599,0.03872039,0.1573353,0.0824661,0.4497376,0.2599244
0.6199999,-0.9841278,2.308173,-0.02667843,0.0196783,3.973082,-4.094591,0.05199192,0.0404692,0.1663301,0.08766459,0.4497376,0.2599244
0.6399999,-0.9846756,2.308591,0.05278319,-0.06221351,3.994447,-4.135225,0.05550025,0.04232528,0.1753248,0.09286308,0.4497376,0.2599244
0.6599999,-0.983635,2.307374,0.1326721,-0.144918,-2.982916,2.821951,0.05907296,0.04414919,0.1783843,0.09096394,0.1529746,-0.09495685
0.6799999,-0.9809965,2.304502,0.07301383,-0.08847897,-2.960633,2.778302,0.06269928,0.04593017,0.1814438,0.0890648,0.1529746,-0.09495685
0.6999999,-0.9795509,2.302762,0.01380117,-0.03291292,-2.938874,2.733998,0.06639001,0.04766826,0.1845033,0.08716566,0.1529746,-0.09495685
0.7199998,-0.9792892,2.302134,-0.0449763,0.02176703,-2.917639,2.688906,0.07014509,0.04937414,0.1875628,0.08526652,0.1529746,-0.09495685
0.7399998,-0.9802029,2.302597,-0.1033291,0.07554515,4.103241,-4.357008,0.07395384,0.05103711,0.1906223,0.08336738,0.1529746,-0.09495685
0.7599998,-0.9822833,2.304136,-0.02126425,-0.011595,4.123559,-4.40354,0.07776257,0.05268935,0.1906673,0.08286235,0.002250572,-0.02525177
0.7799998,-0.9827224,2.303933,0.06120693,-0.09966581,4.143745,2.549963,0.08158202,0.0543416,0.1907123,0.08235731,0.002250572,-0.02525177
0.7999998,-0.9815121,2.30197,0.1440818,-0.04866655,-2.836108,2.503299,0.08540147,0.05598312,0.1907573,0.08185227,0.002250572,-0.02525177
0.8199998,-0.9786443,2.301026,0.08735967,0.001399418,-2.816053,2.456635,0.08922091,0.05761391,0.1908024,0.08134723,0.002250572,-0.02525177
0.8399997,-0.9769109,2.301084,0.03103862,0.05053211,-2.796129,-4.590063,0.09304037,0.05923397,0.1908474,0.0808422,0.002250572,-0.02525177
0.8599997,-0.976304,2.302126,-0.02488396,-0.04126915,-2.776336,-4.636726,0.09705296,0.06091841,0.2008474,0.0840868,0.5,0.1622302
0.8799997,-0.9768161,2.301331,-0.08041068,-0.1340037,4.244281,2.314282,0.1012694,0.06266721,0.2108474,0.0873314,0.5,0.1622302
0.8999997,-0.9784393,2.298685,0.004474942,-0.08771804,4.265647,2.262768,0.1056896,0.0644804,0.2208474,0.090576,0.5,0.1622302
0.9199997,-0.9783655,2.296965,0.08978788,-0.04246268,-2.712238,2.208764,0.110303,0.06635796,0.2308474,0.0938206,0.5,0.1622302
0.9399996,-0.976586,2.296149,0.03554311,0.001712594,-2.6893,2.1524,0.1151203,0.06829988,0.2408474,0.0970652,0.5,0.1622302
0.9599996,-0.9758921,2.296219,-0.01824288,0.04476059,-2.665574,-4.906483,0.1199697,0.07028473,0.2424971,0.0993542,0.08248379,0.1144498
0.9799996,-0.9762743,2.297149,-0.07155436,-0.05336906,4.358712,-4.965729,0.1248513,0.0723125,0.2441467,0.1016432,0.08248379,0.1144498
0.9999996,-0.9777233,2.296118,0.01561988,-0.1526836,4.383486,1.974656,0.1297651,0.07439391,0.2457964,0.1039322,0.08248379,0.1144498
1.02,-0.9774294,2.2931,0.1032896,-0.1131905,-2.591121,1.914622,0.134711,0.07651825,0.2474461,0.1062212,0.08248379,0.1144498
1.04,-0.9753826,2.290875,0.05146716,-0.07489808,-2.565168,1.854194,0.1396892,0.0786855,0.2490958,0.1085102,0.08248379,0.1144498
1.06,-0.9743726,2.289414,0.0001638095,-0.0378142,-2.53869,1.793373,0.1447425,0.08093859,0.2527345,0.1128209,0.1819368,0.2155363
1.08,-0.9743896,2.288694,-0.05060998,-0.001946746,-2.511163,1.731634,0.1498709,0.0832775,0.2563733,0.1171316,0.1819368,0.2155363
1.1,-0.975423,2.288692,-0.1008332,0.03268594,4.517447,1.668978,0.1550743,0.08570226,0.260012,0.1214424,0.1819368,0.2155363
1.12,-0.9774617,2.289386,-0.01048432,0.06606549,4.54707,-5.394612,0.1603421,0.08821283,0.2636507,0.1257531,0.1819368,0.2155363
1.14,-0.9776943,2.290749,0.08045708,-0.04182674,4.577742,-5.45897,0.1656851,0.09080923,0.2672895,0.1300638,0.1819368,0.2155363
1.159999,-0.9761091,2.289953,0.1720119,-0.1510061,-2.39057,1.475767,0.1709636,0.09334128,0.2640515,0.1266531,-0.1618999,-0.170537
1.179999,-0.9726924,2.286975,0.1242005,-0.1214908,-2.359636,1.411275,0.1761778,0.09580895,0.2608135,0.1232423,-0.1618999,-0.170537
1.199999,-0.9702314,2.284586,0.07700782,-0.0932653,-2.329487,1.34757,0.1813277,0.09820151,0.2575755,0.1198316,-0.1618999,-0.170537
1.219999,-0.9687136,2.28276,0.03041807,-0.0663139,-2.300257,1.284652,0.1864131,0.1005297,0.2543375,0.1164209,-0.1618999,-0.170537
1.239999,-0.9681272,2.281474,-0.01558706,-0.04062087,-2.271812,1.222519,0.1914342,0.1027935,0.2510995,0.1130101,-0.1618999,-0.170537
1.259999,-0.9684604,2.2807,-0.06102331,-0.01617048,4.755876,1.161174,0.1963694,0.1051646,0.2467723,0.118369,-0.2163631,0.2679455
1.279999,-0.9697034,2.280412,0.0340942,0.007053004,4.784844,1.100877,0.2012189,0.107643,0.242445,0.1237279,-0.2163631,0.2679455
1.299999,-0.9690453,2.280589,0.1297911,0.02907054,-2.184907,-5.95837,0.2059824,0.1102287,0.2381177,0.1290868,-0.2163631,0.2679455
1.319999,-0.9664743,2.281208,0.08609295,-0.09009685,-2.153317,-6.016568,0.2106602,0.1129217,0.2337905,0.1344457,-0.2163631,0.2679455
1.339999,-0.9647784,2.279442,0.04302661,-0.2104282,-2.120416,0.9262772,0.2152521,0.115722,0.2294632,0.1398046,-0.2163631,0.2679455
1.359999,-0.9639451,2.275268,0.0006182984,-0.1919027,-2.086204,0.8701748,0.2198869,0.1185009,0.2315197,0.1391442,0.1028269,-0.03302115
1.379999,-0.9639599,2.271467,-0.04110579,-0.1744992,-2.052254,0.813548,0.2245539,0.121269,0.2335763,0.1384838,0.1028269,-0.03302115
1.399999,-0.9648091,2.268012,-0.08215088,-0.1582282,4.98159,0.7565278,0.2292638,0.1240263,0.2356328,0.1378234,0.1028269,-0.03302115
1.419999,-0.9664792,2.264883,0.01748092,-0.1430977,5.015277,0.6989834,0.2340166,0.126773,0.2376893,0.137163,0.1028269,-0.03302115
1.439999,-0.9661567,2.262057,0.1177865,-0.129118,-1.951192,0.6409153,0.2388123,0.1294981,0.2397459,0.1365025,0.1028269,-0.03302115
1.459999,-0.9638281,2.259512,0.07876261,-0.1162997,-1.917898,0.5823226,0.24349,0.1320731,0.2338859,0.1285599,-0.2929973,-0.397131
1.479999,-0.9622785,2.257222,0.04040465,-0.1046532,-1.886439,0.5251722,0.2480497,0.1344872,0.228026,0.1206173,-0.2929973,-0.397131
1.499999,-0.9614946,2.255166,0.002675878,-0.09414978,-1.856946,0.4694625,0.2524915,0.1367403,0.2221661,0.1126747,-0.2929973,-0.397131
1.519999,-0.9614638,2.253319,-0.03446304,-0.08476053,-1.829419,0.4151947,0.2568151,0.1388325,0.2163061,0.1047321,-0.2929973,-0.397131
1.539999,-0.9621742,2.251654,-0.07105143,-0.07645664,5.196163,0.3623691,0.2610207,0.1407637,0.2104462,0.09678946,-0.2929973,-0.397131
1.559999,-0.9636149,2.250154,0.03287182,-0.06920926,5.219756,0.3109854,0.2651942,0.1425019,0.2085112,0.08678947,-0.0967504,-0.5
1.579999,-0.9629751,2.2488,0.1372669,-0.06298955,-1.75903,0.2599951,0.2693248,0.1440361,0.2065762,0.07678947,-0.0967504,-0.5
1.599999,-0.9602455,2.247572,0.1020864,-0.05778965,-1.740285,0.2095292,0.2734125,0.1453773,0.2046412,0.06678947,-0.0967504,-0.5
1.619999,-0.9582176,2.246447,0.06728065,-0.05359906,-1.7239,0.1595872,0.277468,0.1465146,0.2027062,0.05678947,-0.0967504,-0.5
1.639999,-0.9568836,2.245405,0.03280265,-0.05040732,-1.710006,0.1100383,0.2814805,0.147448,0.2007712,0.04678947,-0.0967504,-0.5
1.659999,-0.9562372,2.244429,-0.001397477,-0.04820655,-1.698602,0.06101392,0.285375,0.148242,0.1944681,0.03985712,-0.315154,-0.3466176
1.679999,-0.9562734,2.243494,-0.03536952,-0.04698627,5.311116,0.0134319,0.2891408,0.1488965,0.188165,0.03292477,-0.315154,-0.3466176
1.699999,-0.9569876,2.242581,0.0708528,-0.04671764,5.319111,-0.03257767,0.2927778,0.1494115,0.1818619,0.02599242,-0.315154,-0.3466176
1.719999,-0.9555759,2.241672,0.177235,-0.04736919,-1.674614,-0.07701381,0.2962861,0.1497978,0.1755589,0.01906007,-0.315154,-0.3466176
1.739999,-0.9520352,2.24075,0.1437427,-0.04890947,-1.669896,-0.1198772,0.2996764,0.1500447,0.1692558,0.01212772,-0.315154,-0.3466176
1.759999,-0.949163,2.239798,0.1103448,-0.05130701,-1.666881,-0.1612998,0.3029273,0.1501091,0.1624606,0.003036579,-0.3397598,-0.4545569
1.779999,-0.9469567,2.238797,0.07700722,-0.05453301,-1.666094,-0.2010176,0.3060386,0.1499911,0.1556654,-0.006054559,-0.3397598,-0.4545569
1.799999,-0.9454153,2.237732,0.04368533,-0.05855336,-1.667536,-0.2390309,0.3090211,0.1496907,0.1488702,-0.0151457,-0.3397598,-0.4545569
1.819999,-0.9445385,2.236584,0.01033461,-0.06333398,-1.671206,-0.2754711,0.3118643,0.1492079,0.142075,-0.02423683,-0.3397598,-0.4545569
1.839999,-0.9443266,2.23534,-0.02308952,-0.0688434,-1.677105,-0.3102075,0.3145679,0.1485428,0.1352798,-0.03332797,-0.3397598,-0.4545569
1.859999,-0.9447813,2.233981,-0.05663161,-0.07504755,5.314786,-0.3432398,0.3173145,0.1479206,0.1374054,-0.03110495,0.1062814,0.111151
1.879999,-0.9459073,2.232503,0.0496641,-0.08191235,5.307184,-0.3767966,0.3201039,0.1473413,0.139531,-0.02888193,0.1062814,0.111151
1.899999,-0.9449078,2.230888,0.1558078,-0.08944828,-1.699913,-0.4108775,0.3229363,0.1468049,0.1416567,-0.02665891,0.1062814,0.111151
1.919999,-0.9417859,2.22912,0.1218095,-0.09766583,-1.706467,-0.4454828,0.3258117,0.1463114,0.1437823,-0.02443589,0.1062814,0.111151
1.939999,-0.9393443,2.22719,0.08768018,-0.1065755,-1.712496,-0.4806127,0.3287299,0.1458715,0.1459079,-0.02221287,0.1062814,0.111151
1.959999,-0.9375859,2.225082,0.05343026,-0.1161877,-1.71787,-0.516267,0.3315086,0.1455282,0.1387626,-0.01730545,-0.3572648,0.2453711
1.979999,-0.9365137,2.22278,0.01907285,-0.1265131,-1.722065,-0.5502172,0.3341372,0.1452815,0.1316173,-0.01239803,-0.3572648,0.2453711
1.999999,-0.9361295,2.220268,-0.01536844,-0.1375174,-1.72508,-0.5823318,0.3366262,0.1451314,0.124472,-0.007490603,-0.3572648,0.2453711
2.019999,-0.9364352,2.217538,-0.04987004,-0.1491641,5.273104,-0.6127434,0.3389758,0.1450778,0.1173267,-0.002583181,-0.3572648,0.2453711
2.039999,-0.9374321,2.214569,0.05559204,-0.1614189,5.272449,-0.6414495,0.3411751,0.1451207,0.1101814,0.002324241,-0.3572648,0.2453711
2.059999,-0.9363206,2.211356,0.161041,-0.1742479,-1.727046,-0.668321,0.3433638,0.1451208,0.1093701,6.497443E-05,-0.0405678,-0.1129633
2.079999,-0.9330998,2.207888,0.1265001,-0.1876143,-1.727046,-0.6950608,0.345531,0.1450779,0.1085587,-0.002194292,-0.0405678,-0.1129633
2.099999,-0.9305693,2.204154,0.09195917,-0.2015156,-1.72757,-0.7215402,0.3476875,0.1449921,0.1077474,-0.004453558,-0.0405678,-0.1129633
2.119999,-0.9287292,2.200142,0.05740777,-0.2159464,-1.728619,-0.747887,0.3498226,0.1448527,0.106936,-0.006712824,-0.0405678,-0.1129633
2.139999,-0.9275794,2.19584,0.02283539,-0.2309041,-1.730323,-0.7739719,0.3519469,0.1446704,0.1061247,-0.008972091,-0.0405678,-0.1129633
2.159999,-0.9271207,2.191238,-0.01177107,-0.2463835,-1.732551,-0.7999272,0.3540819,0.1445631,0.1067908,-0.005411779,0.03330505,0.1780156
2.179999,-0.927355,2.186327,-0.04642209,-0.2623821,5.266158,-0.8260121,0.3562276,0.144531,0.1074569,-0.001851467,0.03330505,0.1780156
2.199999,-0.9282832,2.181098,0.05890106,-0.2789023,5.265764,-0.8522282,0.3583949,0.1445632,0.108123,0.001708844,0.03330505,0.1780156
2.219999,-0.9271055,2.175538,0.1642163,-0.2959469,-1.733862,-0.8787072,0.3605728,0.1446706,0.1087891,0.005269156,0.03330505,0.1780156
2.239999,-0.9238225,2.169637,0.1295391,-0.313521,-1.732551,-0.9053167,0.3627614,0.1448423,0.1094552,0.008829468,0.03330505,0.1780156
2.259999,-0.9212336,2.163385,0.09488808,-0.3316274,-1.730454,-0.9320572,0.3649608,0.1450247,0.110067,0.009024008,0.03059107,0.009727007
2.279999,-0.9193379,2.156773,0.060279,-0.3502685,-1.728226,-0.9589288,0.3671709,0.1452072,0.1106788,0.009218548,0.03059107,0.009727007
2.299999,-0.9181343,2.149787,0.02571449,-0.3694471,-1.725997,-0.985932,0.3693917,0.1454003,0.1112906,0.009413089,0.03059107,0.009727007
2.319999,-0.9176222,2.142416,-0.008805455,-0.3891657,-1.723638,-1.013066,0.371634,0.1455935,0.1119025,0.009607629,0.03059107,0.009727007
2.339998,-0.9178005,2.13465,-0.04327821,-0.409427,5.27874,-1.040462,0.3738871,0.1457866,0.1125143,0.009802169,0.03059107,0.009727007
2.359998,-0.9186683,2.126477,0.0622966,-0.4302363,5.2811,-1.067988,0.3760221,0.1459691,0.1067008,0.008902329,-0.2906756,-0.04499201
2.379998,-0.9174246,2.117891,0.1679186,-0.451596,-1.716691,-1.094073,0.3780391,0.1461301,0.1008873,0.008002489,-0.2906756,-0.04499201
2.399998,-0.914068,2.108877,0.1335848,-0.4734775,-1.714725,-1.118718,0.3799381,0.1462696,0.09507375,0.007102649,-0.2906756,-0.04499201
2.419998,-0.9113978,2.099423,0.09929029,-0.4958518,-1.713021,-1.141918,0.3817191,0.1463984,0.08926024,0.006202809,-0.2906756,-0.04499201
2.439998,-0.9094135,2.089522,0.06502987,-0.5186902,-1.711448,-1.163678,0.3833928,0.1465057,0.08344673,0.005302968,-0.2906756,-0.04499201
2.459998,-0.9081141,2.079161,0.03080092,-0.5419638,-1.710137,-1.184126,0.3849056,0.1465379,0.07538496,0.00138821,-0.4030888,-0.1957379
2.479998,-0.9074984,2.068333,-0.003401828,-0.5656464,-1.709744,-1.20261,0.3862467,0.1464842,0.06732319,-0.002526548,-0.4030888,-0.1957379
2.499998,-0.9075658,2.057031,-0.0375967,-0.5896986,5.289619,-1.218996,0.3874269,0.1463555,0.05926141,-0.006441307,-0.4030888,-0.1957379
2.519998,-0.9083163,2.045244,0.06819569,-0.6140785,5.288047,-1.233416,0.3884462,0.1461516,0.05119963,-0.01035606,-0.4030888,-0.1957379
2.539998,-0.90695,2.03297,0.1739566,-0.6387468,-1.714463,-1.245869,0.3893045,0.145862,0.04313785,-0.01427082,-0.4030888,-0.1957379
2.559998,-0.9034675,2.020201,0.1396674,-0.6636642,-1.718002,-1.256355,0.3899696,0.1455401,0.03313785,-0.01622749,-0.5,-0.09783314
2.579998,-0.9006705,2.006934,0.1053073,-0.6887913,-1.721934,-1.264483,0.3904311,0.1451754,0.02313785,-0.01818415,-0.5,-0.09783314
2.599998,-0.8985602,1.993162,0.07086865,-0.7140809,-1.726391,-1.270119,0.3906885,0.1447677,0.01313785,-0.02014081,-0.5,-0.09783314
2.619998,-0.8971381,1.978882,0.03634084,-0.7394833,-1.731372,-1.273265,0.390753,0.1443278,0.003137851,-0.02209747,-0.5,-0.09783314
2.639998,-0.8964062,1.964093,0.001713404,-0.7649486,-1.736746,-1.274052,0.3906134,0.143845,-0.006862149,-0.02405413,-0.5,-0.09783314
2.659998,-0.8963664,1.948792,-0.03302152,-0.7904297,-1.742645,-1.272349,0.3904203,0.143566,-0.009771291,-0.01405413,-0.1454571,0.5
2.679998,-0.8970236,1.932981,-0.06787441,-0.8158766,5.253967,-1.269989,0.390163,0.1434802,-0.01268043,-0.004054135,-0.1454571,0.5
2.699998,-0.8983801,1.916659,0.03720492,-0.8412764,5.252918,-1.266844,0.3898518,0.1435982,-0.01558958,0.005945865,-0.1454571,0.5
2.719998,-0.8976373,1.899833,0.1422633,-0.8666133,-1.745659,-1.263042,0.3894871,0.1439201,-0.01849872,0.01594586,-0.1454571,0.5
2.739998,-0.8947957,1.882498,0.1073501,-0.8918741,-1.741727,-1.258586,0.389058,0.1444351,-0.02140786,0.02594586,-0.1454571,0.5
2.759998,-0.8926545,1.864655,0.07251557,-0.9170458,-1.735435,-1.253343,0.3886181,0.1450681,-0.02220009,0.03138586,-0.03961154,0.2719999
2.779998,-0.8912115,1.846311,0.03780686,-0.9421127,-1.727701,-1.24797,0.3881567,0.1458084,-0.02299232,0.03682586,-0.03961154,0.2719999
2.799998,-0.8904638,1.827465,0.003252839,-0.9670721,-1.718657,-1.242332,0.3876847,0.146656,-0.02378456,0.04226585,-0.03961154,0.2719999
2.819998,-0.8904085,1.80812,-0.0311203,-0.9919187,-1.708302,-1.236565,0.3871912,0.1476109,-0.02457679,0.04770585,-0.03961154,0.2719999
2.839998,-0.8910417,1.788278,-0.06528633,-1.01665,5.303383,-1.230535,0.3866869,0.148673,-0.02536902,0.05314585,-0.03961154,0.2719999
2.859998,-0.8923595,1.767941,0.04078132,-1.041261,5.31636,-1.224375,0.3859788,0.1498747,-0.03536902,0.06003301,-0.5,0.3443581
2.879998,-0.8915576,1.74711,0.1471085,-1.065748,-1.668978,-1.215723,0.3850669,0.1512158,-0.04536901,0.06692018,-0.5,0.3443581
2.899998,-0.8886307,1.725786,0.113729,-1.090063,-1.652593,-1.204582,0.3839617,0.1526964,-0.05536901,0.07380734,-0.5,0.3443581
2.919998,-0.8863729,1.703976,0.0806771,-1.114154,-1.634504,-1.191081,0.3826528,0.1543057,-0.06536901,0.0806945,-0.5,0.3443581
2.939998,-0.8847776,1.681683,0.04798703,-1.137976,-1.614842,-1.175088,0.3811507,0.1560545,-0.07536901,0.08758166,-0.5,0.3443581
2.959998,-0.8838376,1.658912,0.01569019,-1.161478,-1.593475,-1.156736,0.379595,0.1579213,-0.07778997,0.09316968,-0.1210483,0.2794014
2.979998,-0.8835449,1.635672,-0.01617932,-1.184612,-1.570668,-1.137729,0.3779856,0.1598954,-0.08021093,0.09875771,-0.1210483,0.2794014
2.999998,-0.8838908,1.611968,-0.04759268,-1.207367,5.453465,-1.118066,0.3763334,0.1619876,-0.08263189,0.1043457,-0.1210483,0.2794014
3.019998,-0.8848662,1.587808,0.06147663,-1.229728,5.479025,-1.09788,0.3746274,0.164187,-0.08505286,0.1099338,-0.1210483,0.2794014
3.039998,-0.8836614,1.5632,0.1710571,-1.251686,-1.494117,-1.077038,0.3728786,0.1664937,-0.08747382,0.1155218,-0.1210483,0.2794014
3.059998,-0.8802662,1.538152,0.1411748,-1.273226,-1.465935,-1.055671,0.3709259,0.1687897,-0.09747382,0.1148968,-0.5,-0.0312496
3.079998,-0.8774685,1.512672,0.1118561,-1.29434,-1.437884,-1.031814,0.3687801,0.1710749,-0.1074738,0.1142718,-0.5,-0.0312496
3.099998,-0.875257,1.486767,0.08309839,-1.314976,-1.409964,-1.005597,0.3664305,0.1733494,-0.1174738,0.1136468,-0.5,-0.0312496
3.119998,-0.8736204,1.460448,0.05489911,-1.335088,-1.382175,-0.9768907,0.363877,0.1756132,-0.1274738,0.1130218,-0.5,-0.0312496
3.139998,-0.8725476,1.433727,0.02725561,-1.354626,-1.354517,-0.9456936,0.3611304,0.1778662,-0.1374738,0.1123968,-0.5,-0.0312496
3.159998,-0.8720276,1.406614,0.0001652634,-1.37354,-1.32699,-0.9121369,0.35818,0.1802481,-0.1474738,0.1192654,-0.5,0.343428
3.179998,-0.8720507,1.37912,-0.02637454,-1.391783,-1.29789,-0.8760884,0.3550256,0.1827693,-0.1574738,0.1261339,-0.5,0.343428
3.199998,-0.8726061,1.351261,-0.05233235,-1.409304,5.73292,-0.8375506,0.3516782,0.1854301,-0.1674738,0.1330025,-0.5,0.343428
3.219998,-0.8736821,1.323049,0.06232605,-1.426055,5.765427,-0.7966526,0.3481269,0.1882303,-0.1774738,0.139871,-0.5,0.343428
3.239998,-0.8724663,1.294499,0.1776346,-1.441988,-1.200366,-0.7532644,0.3443825,0.1911699,-0.1874738,0.1467396,-0.5,0.343428
3.259998,-0.8689458,1.265629,0.1536272,-1.457054,-1.164451,-0.7075166,0.3405308,0.1941311,-0.1925601,0.148259,-0.2543127,0.07597029
3.279998,-0.8659056,1.236458,0.1303382,-1.471204,-1.128272,-0.660458,0.3365826,0.1971244,-0.1976464,0.1497784,-0.2543127,0.07597029
3.299998,-0.8633315,1.207005,0.1077728,-1.484413,-1.091701,-0.6122202,0.332527,0.2001499,-0.2027326,0.1512978,-0.2543127,0.07597029
3.319998,-0.8612089,1.177286,0.08593878,-1.496658,-1.054736,-0.5626706,0.3283749,0.2032076,-0.2078189,0.1528172,-0.2543127,0.07597029
3.339998,-0.8595231,1.147319,0.06484406,-1.507911,-1.017378,-0.5119421,0.3241155,0.2062975,-0.2129051,0.1543367,-0.2543127,0.07597029
3.359998,-0.8582594,1.117127,0.04449651,-1.51815,-0.9796264,-0.4599022,0.3196523,0.2093659,-0.2229051,0.153547,-0.5,-0.03948358
3.379997,-0.8574023,1.08673,0.02490398,-1.527348,-0.9421375,-0.4053722,0.3149959,0.2124235,-0.2329051,0.1527573,-0.5,-0.03948358
3.399997,-0.8569369,1.056146,0.006061234,-1.535455,-0.9047796,-0.3484823,0.3101358,0.2154597,-0.2429052,0.1519676,-0.5,-0.03948358
3.419997,-0.8568478,1.025398,-0.01203436,-1.542425,-0.8676834,-0.2891026,0.3050824,0.2184852,-0.2529052,0.151178,-0.5,-0.03948358
3.439997,-0.8571205,0.9945103,-0.02938803,-1.548207,6.169272,-0.227363,0.2998253,0.2214892,-0.2629052,0.1503883,-0.5,-0.03948358
3.459997,-0.8577398,0.963505,0.09399741,-1.552754,6.205973,-0.1631333,0.2945253,0.2246434,-0.2651631,0.1574738,-0.1128952,0.354277
3.479997,-0.8558929,0.9324074,0.2181169,-1.556017,-0.7554786,-0.09837916,0.2891715,0.2279371,-0.267421,0.1645594,-0.1128952,0.354277
3.499997,-0.8515648,0.9012439,0.2030073,-1.557984,-0.7152366,-0.03296948,0.2837749,0.2313703,-0.2696789,0.1716449,-0.1128952,0.354277
3.519997,-0.8475402,0.8700415,0.1887026,-1.558644,-0.6732908,0.03296499,0.2783353,0.2349429,-0.2719368,0.1787304,-0.1128952,0.354277
3.539997,-0.8438029,0.8388271,0.1752367,-1.557984,-0.6296406,0.09942298,0.2728529,0.238655,-0.2741947,0.185816,-0.1128952,0.354277
3.559997,-0.8403362,0.8076257,0.1626439,-1.555996,-0.5842862,0.1664061,0.2672416,0.2423456,-0.2807935,0.1845712,-0.3299377,-0.06223828
3.579997,-0.837121,0.7764634,0.1509582,-1.552668,-0.5391948,0.234962,0.261491,0.2460148,-0.2873922,0.1833264,-0.3299377,-0.06223828
3.599997,-0.834139,0.7453671,0.1401743,-1.547969,-0.4943652,0.3052211,0.2556116,0.2496518,-0.2939909,0.1820817,-0.3299377,-0.06223828
3.619997,-0.8313721,0.7143618,0.130287,-1.541864,-0.4499288,0.3770532,0.2496033,0.2532673,-0.3005897,0.1808369,-0.3299377,-0.06223828
3.639997,-0.8288026,0.6834791,0.1212884,-1.534323,-0.4057541,0.4504595,0.2434557,0.2568614,-0.3071884,0.1795921,-0.3299377,-0.06223828
3.659997,-0.8264126,0.6527462,0.1131734,-1.525314,-0.3618424,0.5255692,0.2372008,0.2604448,-0.3130019,0.179243,-0.2906746,-0.01745653
3.679997,-0.8241847,0.6221928,0.1059365,-1.514803,-0.3180617,0.601989,0.2308279,0.2640174,-0.3188154,0.1788938,-0.2906746,-0.01745653
3.699997,-0.8221012,0.591848,0.09957527,-1.502763,-0.2744112,0.6798505,0.224337,0.26759,-0.3246289,0.1785447,-0.2906746,-0.01745653
3.719997,-0.8201447,0.5617429,0.09408705,-1.489166,-0.2307616,0.7591548,0.217728,0.2711518,-0.3304423,0.1781956,-0.2906746,-0.01745653
3.739997,-0.8182976,0.5319088,0.08947182,-1.473983,-0.1872424,0.8399003,0.2110011,0.2747137,-0.3362558,0.1778464,-0.2906746,-0.01745653
3.759997,-0.8165425,0.5023766,0.08572697,-1.457185,-0.1437232,0.9220877,0.2040809,0.278415,-0.3462558,0.1851939,-0.5,0.36737
3.779997,-0.8148635,0.4731807,0.08285251,-1.438743,-0.09850017,1.006635,0.196957,0.2822666,-0.3562558,0.1925413,-0.5,0.36737
3.799997,-0.8132431,0.444352,0.0808825,-1.41861,-0.05144197,1.093673,0.1896292,0.2862683,-0.3662558,0.1998887,-0.5,0.36737
3.819997,-0.8116633,0.415924,0.07985367,-1.396737,-0.002548909,1.183201,0.1821084,0.2904095,-0.3762558,0.2072361,-0.5,0.36737
3.839997,-0.8101051,0.3879301,0.07980269,-1.373073,0.04804893,1.275088,0.1743836,0.294701,-0.3862558,0.2145835,-0.5,0.36737
3.859997,-0.808549,0.3604076,0.08076367,-1.347571,0.1004816,1.369465,0.1666911,0.2988101,-0.3846776,0.2055317,0.07890616,-0.4525898
3.879997,-0.8069718,0.333396,0.0827733,-1.320182,0.150686,1.46345,0.1590308,0.3027367,-0.3830995,0.1964799,0.07890616,-0.4525898
3.899997,-0.8053524,0.306933,0.08578702,-1.290913,0.1986618,1.557041,0.1514026,0.3064809,-0.3815214,0.1874281,0.07890616,-0.4525898
3.919997,-0.8036708,0.2810545,0.08976026,-1.259772,0.2444093,1.650239,0.1438067,0.3100535,-0.3799433,0.1783763,0.07890616,-0.4525898
3.939997,-0.8019078,0.2558005,0.09464844,-1.226767,0.2880596,1.743044,0.1362429,0.3134438,-0.3783652,0.1693245,0.07890616,-0.4525898
3.959997,-0.8000451,0.2312069,0.1004096,-1.191906,0.3294815,1.835455,0.1286255,0.3169091,-0.381033,0.1730541,-0.1333932,0.1864828
3.979997,-0.7980677,0.2073112,0.1069993,-1.155197,0.3718207,1.928522,0.1209544,0.3204496,-0.3837009,0.1767838,-0.1333932,0.1864828
3.999997,-0.7959589,0.1841492,0.1144357,-1.116627,0.4150772,2.022244,0.1132298,0.3240651,-0.3863688,0.1805134,-0.1333932,0.1864828
4.019997,-0.7937019,0.1617574,0.1227372,-1.076182,0.4592516,2.116621,0.1054514,0.327745,-0.3890367,0.1842431,-0.1333932,0.1864828
4.039997,-0.7912791,0.1401742,0.1319223,-1.03385,0.5042125,2.211654,0.09761947,0.3315,-0.3917045,0.1879728,-0.1333932,0.1864828
4.059997,-0.788673,0.1194382,0.1420065,-0.9896165,0.5500917,2.307342,0.08961586,0.3350619,-0.4002501,0.1779727,-0.4272808,-0.5
4.079997,-0.7858633,0.09958489,0.1530084,-0.9434697,0.5936112,2.405127,0.08144061,0.33842,-0.4087957,0.1679727,-0.4272808,-0.5
4.099997,-0.7828315,0.08065244,0.1648806,-0.8953671,0.6346397,2.505009,0.07309368,0.3415741,-0.4173414,0.1579727,-0.4272808,-0.5
4.119997,-0.7795603,0.06268011,0.1775734,-0.8452669,0.6731778,2.606989,0.06457512,0.3445352,-0.425887,0.1479727,-0.4272808,-0.5
4.139997,-0.7760335,0.04570878,0.1910369,-0.7931272,0.7093567,2.711066,0.05588489,0.3472924,-0.4344326,0.1379727,-0.4272808,-0.5
4.159997,-0.7722355,0.02977939,0.2052241,-0.7389058,0.7430444,2.81724,0.04722687,0.350114,-0.4327047,0.1410001,0.08639576,0.1513689
4.179997,-0.768154,0.01493471,0.2200849,-0.682561,0.7775187,2.92302,0.03861176,0.3529893,-0.4309767,0.1440275,0.08639576,0.1513689
4.199997,-0.7637755,0.001215716,0.2356353,-0.6241006,0.8126495,3.028277,0.03002884,0.355929,-0.4292488,0.1470549,0.08639576,0.1513689
4.219997,-0.7590863,-0.01133209,0.2518883,-0.5635351,0.8485653,3.13314,0.02147811,0.3589331,-0.4275209,0.1500822,0.08639576,0.1513689
4.239997,-0.7540722,-0.02266686,0.2688596,-0.5008723,0.8852683,3.237609,0.01295959,0.3619908,-0.425793,0.1531096,0.08639576,0.1513689
4.259997,-0.748719,-0.03274883,0.286565,-0.4361201,0.9226267,3.341686,0.004516158,0.3649412,-0.422221,0.1475034,0.178602,-0.2803091
4.279997,-0.7430106,-0.04153574,0.3050175,-0.3692864,0.9586742,3.444844,-0.003852163,0.3677844,-0.4186489,0.1418972,0.178602,-0.2803091
4.299997,-0.7369322,-0.04898596,0.324191,-0.3003895,0.9934109,3.547085,-0.012146,0.3705095,-0.4150769,0.1362911,0.178602,-0.2803091
4.319997,-0.730469,-0.05505602,0.3440592,-0.2294478,1.026706,3.648413,-0.02038574,0.3731273,-0.4115048,0.1306849,0.178602,-0.2803091
4.339997,-0.7236076,-0.0597082,0.3645933,-0.1564796,1.05869,3.749081,-0.02853394,0.3756271,-0.4079328,0.1250787,0.178602,-0.2803091
4.359997,-0.7163343,-0.06290077,0.3857671,-0.08149794,1.089232,3.84863,-0.03665161,0.3780411,-0.4063099,0.1204663,0.08114445,-0.2306192
4.379997,-0.7086368,-0.06459254,0.4075517,-0.004525338,1.118726,3.947807,-0.04473877,0.3803586,-0.404687,0.1158539,0.08114445,-0.2306192
4.399997,-0.7005026,-0.06474378,0.4299262,0.07443079,1.147039,4.04661,-0.05279541,0.3825795,-0.4030641,0.1112415,0.08114445,-0.2306192
4.419997,-0.6919202,-0.06331661,0.452867,0.155363,1.174173,-2.854998,-0.06082153,0.3847145,-0.4014412,0.1066291,0.08114445,-0.2306192
4.439997,-0.6828781,-0.06026925,0.4763505,0.09826303,1.200258,-2.756939,-0.06881714,0.3867531,-0.3998184,0.1020167,0.08114445,-0.2306192
4.459997,-0.6733655,-0.0583636,0.5003557,0.04312425,1.225164,-2.659253,-0.07672119,0.3885986,-0.3951698,0.09201675,0.2324287,-0.5
4.479997,-0.6633714,-0.05756135,0.524859,-0.01006082,1.247711,-2.562686,-0.08453369,0.3902403,-0.3905212,0.08201675,0.2324287,-0.5
4.499997,-0.6528856,-0.05782266,0.5498132,-0.06131453,1.267766,4.532797,-0.09225464,0.391678,-0.3858727,0.07201675,0.2324287,-0.5
4.519997,-0.6418992,-0.05910785,0.5751685,0.02934141,1.285331,4.627126,-0.09988403,0.3929226,-0.3812241,0.06201676,0.2324287,-0.5
4.539997,-0.6304043,-0.05857949,0.6008751,0.1218839,1.300537,-2.279695,-0.1074219,0.3939634,-0.3765755,0.05201676,0.2324287,-0.5
4.559997,-0.6183938,-0.05619777,0.6268859,0.07629003,1.313252,-2.187601,-0.1147461,0.3948004,-0.3665755,0.04201676,0.5,-0.5
4.579997,-0.6058617,-0.05472807,0.6531509,0.03253801,1.323477,-2.098117,-0.1218872,0.3954442,-0.3565755,0.03201676,0.5,-0.5
4.599997,-0.5928029,-0.0541333,0.6796204,-0.009424334,1.331342,-2.010871,-0.1288147,0.3958842,-0.3465756,0.02201676,0.5,-0.5
4.619997,-0.5792134,-0.05437417,0.7062473,-0.04964175,1.336715,5.07379,-0.1355286,0.3961203,-0.3365756,0.01201676,0.5,-0.5
4.639997,-0.56509,-0.05541723,0.7329816,0.05183405,1.339599,5.155815,-0.1420593,0.3961633,-0.3265756,0.002016762,0.5,-0.5
4.659997,-0.5504307,-0.05443149,0.7597736,0.1549503,1.340124,-1.764418,-0.1486206,0.3960024,-0.3279741,-0.007983238,-0.06992345,-0.5
4.679996,-0.5352342,-0.05138329,0.786576,0.119662,1.338157,-1.684255,-0.1552124,0.3956378,-0.3293725,-0.01798324,-0.06992345,-0.5
4.699996,-0.5195003,-0.04904046,0.8133392,0.08597689,1.333701,-1.603719,-0.1618347,0.39508,-0.330771,-0.02798324,-0.06992345,-0.5
4.719996,-0.5032301,-0.04737265,0.8400132,0.05390251,1.326885,-1.522811,-0.168457,0.3943184,-0.3321695,-0.03798324,-0.06992345,-0.5
4.739996,-0.4864251,-0.04634707,0.8665509,0.02344629,1.317578,-1.44153,-0.1751404,0.3933636,-0.3335679,-0.04798324,-0.06992345,-0.5
4.759996,-0.4690883,-0.04592926,0.8929025,-0.005384306,1.305911,-1.360248,-0.1817932,0.3923016,-0.3326733,-0.05291391,0.04473404,-0.2465337
4.779996,-0.4512239,-0.04608645,0.9190207,-0.03258927,1.292934,5.72104,-0.1884155,0.391143,-0.3317786,-0.05784459,0.04473404,-0.2465337
4.799996,-0.4328366,-0.04678812,0.9448794,0.08183152,1.278777,5.802319,-0.1950378,0.3898878,-0.3308839,-0.06277526,0.04473404,-0.2465337
4.819996,-0.4139315,-0.04520174,0.9704549,0.1978779,1.26344,-1.11715,-0.2016296,0.3885361,-0.3299892,-0.06770594,0.04473404,-0.2465337
4.839996,-0.3945146,-0.04129529,0.9957237,0.1755349,1.246924,-1.036241,-0.2082214,0.3870879,-0.3290945,-0.07263661,0.04473404,-0.2465337
4.859996,-0.3745917,-0.03783607,1.020662,0.1548101,1.229228,-0.9560778,-0.2145996,0.3854358,-0.319242,-0.08263661,0.4926253,-0.5
4.879996,-0.354169,-0.03478909,1.045247,0.1356885,1.209042,-0.8781518,-0.2207947,0.3835798,-0.3093895,-0.09263661,0.4926253,-0.5
4.899996,-0.3332535,-0.03212441,1.069428,0.1181255,1.186364,-0.8024628,-0.2267761,0.3815307,-0.299537,-0.1026366,0.4926253,-0.5
4.919996,-0.3118534,-0.0298086,1.093155,0.1020762,1.161327,-0.7293838,-0.2325745,0.3792778,-0.2896845,-0.1126366,0.4926253,-0.5
4.939996,-0.2899777,-0.0278102,1.116381,0.08748854,1.1338,-0.6585422,-0.2381897,0.376821,-0.279832,-0.1226366,0.4926253,-0.5
4.959996,-0.2676365,-0.02610367,1.139057,0.07431769,1.103781,-0.5899371,-0.2437439,0.3742355,-0.2783234,-0.1295049,0.07542813,-0.3434155
4.979996,-0.2448413,-0.0246601,1.161133,0.06251895,1.072191,-0.5220778,-0.2492676,0.3715106,-0.2768148,-0.1363732,0.07542813,-0.3434155
4.999996,-0.2216039,-0.02345379,1.182577,0.0520774,1.038896,-0.4542188,-0.2547913,0.3686461,-0.2753063,-0.1432415,0.07542813,-0.3434155
5.019996,-0.197937,-0.02245404,1.203355,0.04299302,1.003897,-0.387105,-0.2602539,0.3656421,-0.2737977,-0.1501098,0.07542813,-0.3434155
5.039996,-0.1738539,-0.02163638,1.223433,0.03525092,0.9671949,-0.3203647,-0.2657166,0.3624987,-0.2722892,-0.1569781,0.07542813,-0.3434155
5.059996,-0.1738374,-0.02167762,1.223433,0.03525092,0.9671949,-0.3203647,-0.2709961,0.3591729,-0.2640162,-0.1665226,0.413648,-0.4772241
5.079996,-0.1493271,-0.02099619,1.223433,0.03525092,0.9671949,-0.3203647,-0.2760925,0.3556539,-0.2557433,-0.1760671,0.413648,-0.4772241
5.099996,-0.124792,-0.02029432,1.223433,0.03525092,0.9671949,-0.3203647,-0.2810364,0.3519418,-0.2474703,-0.1856115,0.413648,-0.4772241
5.119996,-0.1005761,-0.01956851,1.20657,0.035512,0.9671949,-0.3203647,-0.2858276,0.3480366,-0.2391973,-0.195156,0.413648,-0.4772241
5.139996,-0.07726578,-0.01880206,1.161223,0.03738345,0.9671949,-0.3203647,-0.2904358,0.3439382,-0.2309244,-0.2047005,0.413648,-0.4772241
5.159996,-0.05451091,-0.01785697,1.133211,0.04596301,0.9671949,-0.3203647,-0.2948608,0.3397004,-0.2209244,-0.2121297,0.5,-0.3714573
5.179996,-0.03197458,-0.01676974,1.121787,0.0524004,0.9671949,-0.3203647,-0.2990723,0.3353124,-0.2109244,-0.2195588,0.5,-0.3714573
5.199996,-0.01013246,-0.0148617,1.085901,0.0944716,0.9671949,-0.3203647,-0.3031006,0.3307741,-0.2009244,-0.226988,0.5,-0.3714573
5.219996,0.009930559,-0.009344436,0.9940435,0.2780124,0.9671949,-0.3203647,-0.3069153,0.3260857,-0.1909244,-0.2344171,0.5,-0.3714573
5.239996,0.02172382,-0.003286554,0.5879344,0.3001938,0.9671949,-0.3203647,-0.3105469,0.321247,-0.1809244,-0.2418463,0.5,-0.3714573
5.259996,0.03219928,0.00269639,0.5241094,0.30019,0.9671949,-0.3203647,-0.3139648,0.3162796,-0.1709244,-0.2482248,0.5,-0.3189254
5.279996,0.0415673,0.008570214,0.4685523,0.2959351,0.9671949,-0.3203647,-0.3171692,0.3111834,-0.1609243,-0.2546033,0.5,-0.3189254
5.299996,0.04972298,0.01413991,0.4077247,0.280478,0.9671949,-0.3203647,-0.3201904,0.3059584,-0.1509243,-0.2609818,0.5,-0.3189254
5.319996,0.05691563,0.01941896,0.3593132,0.2657427,0.9671949,-0.3203647,-0.3230286,0.3006155,-0.1409243,-0.2673603,0.5,-0.3189254
5.339996,0.06315134,0.02441012,0.3112502,0.2511621,0.9671949,-0.3203647,-0.3256531,0.2951438,-0.1309243,-0.2737388,0.5,-0.3189254
5.359996,0.06844728,0.0291225,0.2640825,0.2369128,0.9671949,-0.3203647,-0.328064,0.2895863,-0.1209243,-0.2776983,0.5,-0.1979771
5.379996,0.07279231,0.03336208,0.2164229,0.2132014,0.9671949,-0.3203647,-0.3302612,0.2839536,-0.1109243,-0.2816578,0.5,-0.1979771
5.399996,0.07633742,0.03717169,0.1763114,0.1916001,0.9671949,-0.3203647,-0.3322754,0.2782459,-0.1009243,-0.2856174,0.5,-0.1979771
5.419996,0.07909179,0.04056228,0.1366764,0.170357,0.9671949,-0.3203647,-0.3341064,0.2724523,-0.09092434,-0.2895769,0.5,-0.1979771
5.439996,0.08107181,0.0435413,0.09787619,0.1496612,0.9671949,-0.3203647,-0.3357239,0.2665835,-0.08092434,-0.2935365,0.5,-0.1979771
5.459996,0.08229313,0.04611799,0.05987335,0.1294886,0.9671949,-0.3203647,-0.3371277,0.260747,-0.07092434,-0.2916887,0.5,0.09238982
5.479996,0.08276567,0.04830352,0.02239944,0.1096952,0.9671949,-0.3203647,-0.3383484,0.2549533,-0.06092434,-0.2898408,0.5,0.09238982
5.499996,0.08249735,0.05009818,-0.01467052,0.09021025,0.9671949,-0.3203647,-0.339386,0.2491919,-0.05092435,-0.287993,0.5,0.09238982
5.519996,0.08148977,0.05151303,-0.05165626,0.07086255,0.9671949,-0.3203647,-0.34021,0.2434733,-0.04092435,-0.2861452,0.5,0.09238982
5.539996,0.07974067,0.05254066,-0.0887503,0.05154632,0.9671949,-0.3203647,-0.3408203,0.2377869,-0.03092435,-0.2842974,0.5,0.09238982
5.559996,0.0772446,0.05318486,-0.126118,0.03216991,0.9671949,-0.3203647,-0.3413086,0.2320147,-0.0245306,-0.2888336,0.3196877,-0.2268098
5.579996,0.07402086,0.05325392,-0.1625406,0.003420031,0.9671949,-0.3203647,-0.3416748,0.2261459,-0.01813684,-0.2933698,0.3196877,-0.2268098
5.599996,0.07014279,0.05280064,-0.1953146,-0.02288382,0.9671949,-0.3203647,-0.3419189,0.2201913,-0.01174309,-0.297906,0.3196877,-0.2268098
5.619996,0.06558591,0.05180429,-0.2293153,-0.05010062,0.9671949,-0.3203647,-0.3420105,0.2141401,-0.005349336,-0.3024422,0.3196877,-0.2268098
5.639996,0.06033057,0.05025355,-0.2643017,-0.07803805,0.9671949,-0.3203647,-0.3420105,0.2080031,0.001044417,-0.3069783,0.3196877,-0.2268098
5.659996,0.05435685,0.0481315,-0.3002871,-0.1067121,0.9671949,-0.3203647,-0.3418579,0.2018232,0.007661366,-0.3089475,0.3308475,-0.09845804
5.679996,0.04764443,0.04542547,-0.3371457,-0.1360268,0.9671949,-0.3203647,-0.3415527,0.1956003,0.01427832,-0.3109167,0.3308475,-0.09845804
5.699996,0.04017267,0.04212061,-0.3745097,-0.1656896,0.9671949,-0.3203647,-0.341156,0.1893453,0.02089527,-0.3128858,0.3308475,-0.09845804
5.719995,0.03195999,0.03792762,-0.4100283,-0.2079201,0.9671949,-0.3203647,-0.3406067,0.1830473,0.02751222,-0.314855,0.3308475,-0.09845804
5.739995,0.02311487,0.03298111,-0.443698,-0.2489047,0.9671949,-0.3203647,-0.3399048,0.1767065,0.03412917,-0.3168241,0.3308475,-0.09845804
5.759995,0.01375208,0.02706842,-0.4677261,-0.2987081,0.9671949,-0.3203647,-0.3390808,0.1703978,0.04167672,-0.3153886,0.3773779,0.07177685
5.779995,0.004062094,0.01978659,-0.4845524,-0.367062,0.9671949,-0.3203647,-0.3380737,0.1641213,0.04922428,-0.313953,0.3773779,0.07177685
5.799995,-0.00516362,0.01063257,-0.4614265,-0.4592992,0.9671949,-0.3203647,-0.3369446,0.1578663,0.05677184,-0.3125175,0.3773779,0.07177685
5.819995,-0.01030653,0.001552336,-0.2587845,-0.4545032,0.9671949,-0.3203647,-0.3356628,0.1516435,0.06431939,-0.3110819,0.3773779,0.07177685
5.839995,-0.0121578,-0.006908339,-0.09388494,-0.4204139,0.9671949,-0.3203647,-0.3342285,0.1454528,0.07186695,-0.3096464,0.3773779,0.07177685
5.859995,-0.01194161,-0.01389707,-0.001164012,-0.352707,0.9671949,-0.3203647,-0.3326721,0.1390583,0.07725183,-0.3196464,0.2692437,-0.5
5.879995,-0.01074837,-0.01950665,0.0486069,-0.289353,0.9671949,-0.3203647,-0.3310242,0.1324599,0.08263671,-0.3296464,0.2692437,-0.5
5.899995,-0.008978658,-0.0236171,0.07885911,-0.2203613,0.9671949,-0.3203647,-0.3292542,0.1256685,0.08802158,-0.3396464,0.2692437,-0.5
5.919995,-0.006904606,-0.02646734,0.09789114,-0.1538993,0.9671949,-0.3203647,-0.3273926,0.1186731,0.09340646,-0.3496464,0.2692437,-0.5
5.939995,-0.004473386,-0.02807879,0.1135444,-0.08725831,0.9671949,-0.3203647,-0.3254395,0.1114846,0.09879134,-0.3596464,0.2692437,-0.5
5.959995,-0.002007555,-0.02820157,0.1190368,-0.02488452,0.9671949,-0.3203647,-0.3233948,0.1043069,0.1012195,-0.3590925,0.1214104,0.02769108
5.979995,0.000565718,-0.02708351,0.1215637,0.04440716,0.9671949,-0.3203647,-0.3213196,0.09713994,0.1036477,-0.3585387,0.1214104,0.02769108
5.999995,0.002876643,-0.02454696,0.1146836,0.1072885,0.9671949,-0.3203647,-0.3192139,0.08998368,0.1060759,-0.3579849,0.1214104,0.02769108
6.019995,0.004963081,-0.02071504,0.1009549,0.1771796,0.9671949,-0.3203647,-0.3170471,0.08283813,0.1085042,-0.3574311,0.1214104,0.02769108
6.039995,0.006558874,-0.01561398,0.07406037,0.2447714,0.9671949,-0.3203647,-0.3148193,0.07570332,0.1109324,-0.3568773,0.1214104,0.02769108
6.059995,0.007218556,-0.009276363,0.02982718,0.3066627,0.9671949,-0.3203647,-0.3124084,0.06856852,0.1203836,-0.3568919,0.4725622,-0.0007334451
6.079995,0.006582423,-0.001917415,-0.02144771,0.3488959,0.9671949,-0.3203647,-0.3098145,0.06143371,0.1298348,-0.3569066,0.4725622,-0.0007334451
6.099995,0.00274797,0.004457148,-0.1699566,0.3169649,0.9671949,-0.3203647,-0.3070374,0.05429892,0.1392861,-0.3569213,0.4725622,-0.0007334451
6.119995,-0.0006321614,0.006585232,-0.1517403,0.1296304,0.9671949,-0.3203647,-0.3040466,0.04716413,0.1487373,-0.3569359,0.4725622,-0.0007334451
6.139995,-0.00320257,0.007253807,-0.1324311,0.06237347,0.9671949,-0.3203647,-0.3009033,0.04002935,0.1581886,-0.3569506,0.4725622,-0.0007334451
6.159995,-0.004776143,0.006708173,-0.08722785,-0.004242845,0.9671949,-0.3203647,-0.297699,0.03302331,0.1601187,-0.3502203,0.09650537,0.3365156
6.179995,-0.005250196,0.005196234,-0.0357581,-0.05394128,0.9671949,-0.3203647,-0.2944641,0.02615675,0.1620488,-0.3434899,0.09650537,0.3365156
6.199995,-0.004494656,0.00293563,0.01736345,-0.08801059,0.9671949,-0.3203647,-0.2911682,0.01941895,0.1639789,-0.3367596,0.09650537,0.3365156
6.219995,-0.002218453,0.0005717914,0.1038789,-0.09626053,0.9671949,-0.3203647,-0.2878418,0.01282063,0.165909,-0.3300293,0.09650537,0.3365156
6.239995,0.0008409604,-0.001272717,0.1240204,-0.1065929,0.9671949,-0.3203647,-0.2844849,0.006351057,0.1678391,-0.323299,0.09650537,0.3365156
6.259995,0.0008288326,-0.0006313668,0.04209097,-0.01588572,0.9671949,-0.3203647,-0.2811279,-9.705332E-05,0.1685009,-0.3223343,0.0330895,0.04823273
6.279995,-0.000197458,0.0004273358,-0.0150078,0.02285628,0.9671949,-0.3203647,-0.2777405,-0.006530762,0.1691627,-0.3213697,0.0330895,0.04823273
6.299995,0.0006713668,-0.001596935,0.01867279,-0.05123945,0.9671949,-0.3203647,-0.274353,-0.01293945,0.1698245,-0.3204051,0.0330895,0.04823273
6.319995,-0.0005051196,0.0009337369,-0.01846828,0.03676086,0.9671949,-0.3203647,-0.2709351,-0.01931763,0.1704862,-0.3194404,0.0330895,0.04823273
6.339995,-0.0003791753,-0.001346086,-0.006834324,-0.04074799,0.9671949,-0.3203647,-0.2675171,-0.0256958,0.171148,-0.3184758,0.0330895,0.04823273
6.359995,0.0004074867,-0.0001010433,-0.0006144457,-0.0001904629,0.9671949,-0.3203647,-0.2640991,-0.03186035,0.1706596,-0.3084758,-0.02441924,0.5
6.379995,-0.001984729,-0.0003103165,-0.06009182,-0.002418549,0.9671949,-0.3203647,-0.2607117,-0.03781128,0.1701713,-0.2984758,-0.02441924,0.5
6.399995,0.0007919724,9.583833E-05,0.03427037,0.006738269,0.9671949,-0.3203647,-0.2573242,-0.0435791,0.1696829,-0.2884758,-0.02441924,0.5
6.419995,-0.001131486,0.0004403248,-0.02911787,0.004321022,0.9671949,-0.3203647,-0.2539368,-0.04916382,0.1691945,-0.2784758,-0.02441924,0.5
6.439995,0.001098093,0.0001141625,0.03837383,-0.007640039,0.9671949,-0.3203647,-0.2505493,-0.05453491,0.1687061,-0.2684758,-0.02441924,0.5
6.459995,-0.001481923,-0.0001668434,-0.04758519,-0.009343787,0.9671949,-0.3203647,-0.2470398,-0.05969238,0.1752761,-0.2584758,0.3285016,0.5
6.479995,0.001112369,0.0006574558,0.03689217,0.01514588,0.9671949,-0.3203647,-0.2434082,-0.06466675,0.1818462,-0.2484758,0.3285016,0.5
6.499995,-0.0008387154,-0.0006875269,-0.03175362,-0.02086562,0.9671949,-0.3203647,-0.2396545,-0.06942749,0.1884162,-0.2384758,0.3285016,0.5
6.519995,0.001134587,0.0004186203,0.02883909,0.01839455,0.9671949,-0.3203647,-0.2357483,-0.07400513,0.1949862,-0.2284758,0.3285016,0.5
6.539995,-0.001456143,-0.0004554975,-0.04710496,-0.0142001,0.9671949,-0.3203647,-0.23172,-0.07836914,0.2015562,-0.2184758,0.3285016,0.5
6.559995,0.0003576448,0.0002592,0.01072978,0.003044818,0.9671949,-0.3203647,-0.2277222,-0.08258057,0.1997493,-0.2101481,-0.09034699,0.4163848
6.579995,-0.001568497,-0.001304857,-0.04165616,-0.03392934,0.9671949,-0.3203647,-0.2237854,-0.08660889,0.1979423,-0.2018204,-0.09034699,0.4163848
6.599995,0.0002880213,7.432237E-05,0.01770846,0.01361235,0.9671949,-0.3203647,-0.2198486,-0.09048462,0.1961354,-0.1934927,-0.09034699,0.4163848
6.619995,-0.002078281,-0.0006836713,-0.05093682,-0.01738763,0.9671949,-0.3203647,-0.2159729,-0.09417725,0.1943285,-0.185165,-0.09034699,0.4163848
6.639995,0.0006111849,0.0008347419,0.02950837,0.02345122,0.9671949,-0.3203647,-0.2120972,-0.09771729,0.1925215,-0.1768374,-0.09034699,0.4163848
6.659995,-0.001031289,-0.001500545,-0.02671242,-0.0430726,0.9671949,-0.3203647,-0.208252,-0.1011658,0.1932682,-0.1719887,0.03733193,0.2424329
6.679995,-0.0002217739,0.001191585,0.002285203,0.04022048,0.9671949,-0.3203647,-0.2043762,-0.1045227,0.1940148,-0.16714,0.03733193,0.2424329
6.699995,-4.989322E-05,-0.0006627819,0.002166143,-0.01182032,0.9671949,-0.3203647,-0.20047,-0.1077576,0.1947614,-0.1622914,0.03733193,0.2424329
6.719995,0.0005830905,0.001952338,0.01684618,0.05484491,0.9671949,-0.3203647,-0.1965637,-0.1109009,0.1955081,-0.1574427,0.03733193,0.2424329
